Date,Description,Type,Category,Amount,Balance
2020-01-02,Medical,Debit,Medical,-1853,48147
2020-01-03,Utilities,Debit,Utilities,-4557,43590
2020-01-03,Medical,Debit,Medical,-346,43244
2020-01-05,Fuel,Debit,Fuel,-3102,40142
2020-01-06,Medical,Debit,Medical,-422,39720
2020-01-07,Shopping,Debit,Shopping,-4265,35455
2020-01-09,Medical,Debit,Medical,-2912,32543
2020-01-09,Shopping,Debit,Shopping,-1373,31170
2020-01-10,Medical,Debit,Medical,-4146,27024
2020-01-12,Fuel,Debit,Fuel,-938,26086
2020-01-13,Rent,Debit,Rent,-4841,21245
2020-01-15,Utilities,Debit,Utilities,-1490,19755
2020-01-16,Groceries,Debit,Groceries,-3956,15799
2020-01-16,Travel,Debit,Travel,-2746,13053
2020-01-18,Fuel,Debit,Fuel,-2663,10390
2020-01-18,Medical,Debit,Medical,-4395,5995
2020-01-19,Groceries,Debit,Groceries,-3514,2481
2020-01-19,Dining,Debit,Dining,-132,2349
2020-01-23,Utilities,Debit,Utilities,-3241,-892
2020-01-23,Medical,Debit,Medical,-3776,-4668
2020-01-25,Medical,Debit,Medical,-1778,-6446
2020-01-27,Groceries,Debit,Groceries,-4164,-10610
2020-01-28,Medical,Debit,Medical,-2987,-13597
2020-01-29,Shopping,Debit,Shopping,-3846,-17443
2020-01-29,Medical,Debit,Medical,-2640,-20083
2020-01-31,Rent,Debit,Rent,-1519,-21602
2020-02-02,Shopping,Debit,Shopping,-1451,-23053
2020-02-03,Groceries,Debit,Groceries,-1388,-24441
2020-02-03,Fuel,Debit,Fuel,-1763,-26204
2020-02-05,Fuel,Debit,Fuel,-2462,-28666
2020-02-06,Shopping,Debit,Shopping,-2336,-31002
2020-02-07,Dining,Debit,Dining,-2162,-33164
2020-02-09,Medical,Debit,Medical,-4935,-38099
2020-02-12,Groceries,Debit,Groceries,-1707,-39806
2020-02-13,Shopping,Debit,Shopping,-3286,-43092
2020-02-13,Rent,Debit,Rent,-695,-43787
2020-02-15,Utilities,Debit,Utilities,-3742,-47529
2020-02-15,Dining,Debit,Dining,-3828,-51357
2020-02-16,Rent,Debit,Rent,-2138,-53495
2020-02-19,Medical,Debit,Medical,-3638,-57133
2020-02-20,Fuel,Debit,Fuel,-2105,-59238
2020-02-20,Rent,Debit,Rent,-4964,-64202
2020-02-21,Shopping,Debit,Shopping,-447,-64649
2020-02-21,Shopping,Debit,Shopping,-259,-64908
2020-02-22,Travel,Debit,Travel,-4055,-68963
2020-02-22,Rent,Debit,Rent,-1962,-70925
2020-02-23,Utilities,Debit,Utilities,-115,-71040
2020-02-23,Medical,Debit,Medical,-4479,-75519
2020-02-24,Fuel,Debit,Fuel,-2246,-77765
2020-02-24,Rent,Debit,Rent,-4982,-82747
2020-02-25,Medical,Debit,Medical,-712,-83459
2020-02-26,Travel,Debit,Travel,-1322,-84781
2020-02-27,Utilities,Debit,Utilities,-4964,-89745
2020-02-28,Dining,Debit,Dining,-1492,-91237
2020-02-28,Fuel,Debit,Fuel,-560,-91797
2020-02-29,Travel,Debit,Travel,-3113,-94910
2020-03-01,Fuel,Debit,Fuel,-4665,-99575
2020-03-01,Shopping,Debit,Shopping,-618,-100193
2020-03-02,Shopping,Debit,Shopping,-2676,-102869
2020-03-03,Travel,Debit,Travel,-2429,-105298
2020-03-03,Medical,Debit,Medical,-4028,-109326
2020-03-06,Groceries,Debit,Groceries,-4462,-113788
2020-03-07,Medical,Debit,Medical,-307,-114095
2020-03-08,Rent,Debit,Rent,-2591,-116686
2020-03-09,Fuel,Debit,Fuel,-2469,-119155
2020-03-10,Dining,Debit,Dining,-453,-119608
2020-03-11,Utilities,Debit,Utilities,-1755,-121363
2020-03-11,Rent,Debit,Rent,-2172,-123535
2020-03-12,Utilities,Debit,Utilities,-3796,-127331
2020-03-13,Dining,Debit,Dining,-1270,-128601
2020-03-14,Travel,Debit,Travel,-3727,-132328
2020-03-14,Rent,Debit,Rent,-1561,-133889
2020-03-19,Groceries,Debit,Groceries,-1069,-134958
2020-03-19,Shopping,Debit,Shopping,-4114,-139072
2020-03-20,Groceries,Debit,Groceries,-4210,-143282
2020-03-20,Rent,Debit,Rent,-2474,-145756
2020-03-24,Rent,Debit,Rent,-952,-146708
2020-03-24,Groceries,Debit,Groceries,-2268,-148976
2020-03-25,Dining,Debit,Dining,-2417,-151393
2020-03-29,Medical,Debit,Medical,-3779,-155172
2020-03-29,Shopping,Debit,Shopping,-4229,-159401
2020-03-31,Fuel,Debit,Fuel,-2149,-161550
2020-04-01,Medical,Debit,Medical,-543,-162093
2020-04-02,Fuel,Debit,Fuel,-2892,-164985
2020-04-02,Fuel,Debit,Fuel,-4073,-169058
2020-04-03,Medical,Debit,Medical,-3199,-172257
2020-04-03,Medical,Debit,Medical,-4392,-176649
2020-04-04,Travel,Debit,Travel,-258,-176907
2020-04-05,Travel,Debit,Travel,-885,-177792
2020-04-05,Groceries,Debit,Groceries,-3099,-180891
2020-04-09,Dining,Debit,Dining,-3630,-184521
2020-04-12,Rent,Debit,Rent,-2327,-186848
2020-04-13,Dining,Debit,Dining,-4631,-191479
2020-04-14,Fuel,Debit,Fuel,-2124,-193603
2020-04-14,Shopping,Debit,Shopping,-2674,-196277
2020-04-17,Shopping,Debit,Shopping,-4782,-201059
2020-04-18,Medical,Debit,Medical,-1250,-202309
2020-04-18,Utilities,Debit,Utilities,-670,-202979
2020-04-19,Utilities,Debit,Utilities,-4059,-207038
2020-04-20,Utilities,Debit,Utilities,-2314,-209352
2020-04-20,Groceries,Debit,Groceries,-3291,-212643
2020-04-22,Dining,Debit,Dining,-957,-213600
2020-04-22,Groceries,Debit,Groceries,-2785,-216385
2020-04-26,Fuel,Debit,Fuel,-1432,-217817
2020-04-27,Medical,Debit,Medical,-3126,-220943
2020-04-30,Fuel,Debit,Fuel,-4773,-225716
2020-05-02,Dining,Debit,Dining,-2144,-227860
2020-05-03,Medical,Debit,Medical,-3213,-231073
2020-05-05,Utilities,Debit,Utilities,-2991,-234064
2020-05-05,Medical,Debit,Medical,-418,-234482
2020-05-07,Travel,Debit,Travel,-2345,-236827
2020-05-08,Dining,Debit,Dining,-1768,-238595
2020-05-10,Utilities,Debit,Utilities,-4960,-243555
2020-05-11,Utilities,Debit,Utilities,-2111,-245666
2020-05-14,Rent,Debit,Rent,-2715,-248381
2020-05-14,Fuel,Debit,Fuel,-1613,-249994
2020-05-15,Medical,Debit,Medical,-3200,-253194
2020-05-16,Shopping,Debit,Shopping,-2002,-255196
2020-05-17,Travel,Debit,Travel,-4796,-259992
2020-05-18,Utilities,Debit,Utilities,-3160,-263152
2020-05-18,Shopping,Debit,Shopping,-1877,-265029
2020-05-20,Medical,Debit,Medical,-2130,-267159
2020-05-21,Travel,Debit,Travel,-903,-268062
2020-05-21,Dining,Debit,Dining,-4386,-272448
2020-05-22,Travel,Debit,Travel,-645,-273093
2020-05-22,Fuel,Debit,Fuel,-2755,-275848
2020-05-27,Rent,Debit,Rent,-246,-276094
2020-06-01,Travel,Debit,Travel,-468,-276562
2020-06-01,Rent,Debit,Rent,-741,-277303
2020-06-02,Travel,Debit,Travel,-4804,-282107
2020-06-05,Travel,Debit,Travel,-1423,-283530
2020-06-05,Shopping,Debit,Shopping,-557,-284087
2020-06-06,Fuel,Debit,Fuel,-3716,-287803
2020-06-06,Shopping,Debit,Shopping,-1630,-289433
2020-06-08,Medical,Debit,Medical,-3230,-292663
2020-06-08,Travel,Debit,Travel,-1138,-293801
2020-06-09,Medical,Debit,Medical,-1409,-295210
2020-06-10,Utilities,Debit,Utilities,-1558,-296768
2020-06-10,Groceries,Debit,Groceries,-1112,-297880
2020-06-11,Fuel,Debit,Fuel,-4281,-302161
2020-06-11,Medical,Debit,Medical,-4880,-307041
2020-06-14,Rent,Debit,Rent,-2662,-309703
2020-06-15,Groceries,Debit,Groceries,-3035,-312738
2020-06-16,Rent,Debit,Rent,-566,-313304
2020-06-17,Utilities,Debit,Utilities,-996,-314300
2020-06-19,Shopping,Debit,Shopping,-4743,-319043
2020-06-20,Groceries,Debit,Groceries,-436,-319479
2020-06-20,Groceries,Debit,Groceries,-422,-319901
2020-06-21,Rent,Debit,Rent,-2502,-322403
2020-06-21,Travel,Debit,Travel,-1227,-323630
2020-06-22,Dining,Debit,Dining,-915,-324545
2020-06-24,Groceries,Debit,Groceries,-4760,-329305
2020-06-25,Fuel,Debit,Fuel,-2989,-332294
2020-06-25,Groceries,Debit,Groceries,-832,-333126
2020-06-26,Medical,Debit,Medical,-1369,-334495
2020-06-27,Fuel,Debit,Fuel,-4232,-338727
2020-06-29,Rent,Debit,Rent,-4553,-343280
2020-06-29,Medical,Debit,Medical,-682,-343962
2020-06-30,Groceries,Debit,Groceries,-4760,-348722
2020-07-03,Fuel,Debit,Fuel,-2173,-350895
2020-07-05,Utilities,Debit,Utilities,-2363,-353258
2020-07-06,Dining,Debit,Dining,-590,-353848
2020-07-08,Medical,Debit,Medical,-3942,-357790
2020-07-09,Travel,Debit,Travel,-1193,-358983
2020-07-10,Rent,Debit,Rent,-4414,-363397
2020-07-13,Travel,Debit,Travel,-3559,-366956
2020-07-15,Travel,Debit,Travel,-551,-367507
2020-07-16,Dining,Debit,Dining,-2826,-370333
2020-07-17,Groceries,Debit,Groceries,-1327,-371660
2020-07-17,Fuel,Debit,Fuel,-2628,-374288
2020-07-18,Shopping,Debit,Shopping,-1050,-375338
2020-07-20,Utilities,Debit,Utilities,-1032,-376370
2020-07-24,Groceries,Debit,Groceries,-1772,-378142
2020-07-27,Shopping,Debit,Shopping,-1609,-379751
2020-07-28,Rent,Debit,Rent,-3146,-382897
2020-07-31,Fuel,Debit,Fuel,-4455,-387352
2020-07-31,Medical,Debit,Medical,-2293,-389645
2020-08-01,Dining,Debit,Dining,-3494,-393139
2020-08-01,Shopping,Debit,Shopping,-4176,-397315
2020-08-03,Travel,Debit,Travel,-926,-398241
2020-08-03,Groceries,Debit,Groceries,-1505,-399746
2020-08-04,Shopping,Debit,Shopping,-2699,-402445
2020-08-04,Dining,Debit,Dining,-4077,-406522
2020-08-05,Groceries,Debit,Groceries,-801,-407323
2020-08-05,Dining,Debit,Dining,-4769,-412092
2020-08-06,Fuel,Debit,Fuel,-2648,-414740
2020-08-06,Shopping,Debit,Shopping,-3425,-418165
2020-08-07,Fuel,Debit,Fuel,-4470,-422635
2020-08-09,Shopping,Debit,Shopping,-433,-423068
2020-08-09,Travel,Debit,Travel,-1054,-424122
2020-08-10,Shopping,Debit,Shopping,-1796,-425918
2020-08-12,Groceries,Debit,Groceries,-2347,-428265
2020-08-12,Utilities,Debit,Utilities,-2807,-431072
2020-08-13,Medical,Debit,Medical,-762,-431834
2020-08-13,Medical,Debit,Medical,-3242,-435076
2020-08-14,Groceries,Debit,Groceries,-2429,-437505
2020-08-14,Shopping,Debit,Shopping,-4863,-442368
2020-08-16,Medical,Debit,Medical,-2265,-444633
2020-08-18,Groceries,Debit,Groceries,-2961,-447594
2020-08-18,Rent,Debit,Rent,-2734,-450328
2020-08-19,Shopping,Debit,Shopping,-3231,-453559
2020-08-19,Fuel,Debit,Fuel,-3505,-457064
2020-08-23,Dining,Debit,Dining,-3552,-460616
2020-08-24,Rent,Debit,Rent,-2100,-462716
2020-08-25,Fuel,Debit,Fuel,-4449,-467165
2020-08-26,Travel,Debit,Travel,-3293,-470458
2020-08-27,Travel,Debit,Travel,-208,-470666
2020-08-27,Fuel,Debit,Fuel,-2918,-473584
2020-08-28,Fuel,Debit,Fuel,-3040,-476624
2020-08-28,Utilities,Debit,Utilities,-4803,-481427
2020-08-29,Rent,Debit,Rent,-1102,-482529
2020-08-31,Shopping,Debit,Shopping,-3673,-486202
2020-09-01,Shopping,Debit,Shopping,-1107,-487309
2020-09-02,Fuel,Debit,Fuel,-709,-488018
2020-09-03,Dining,Debit,Dining,-879,-488897
2020-09-03,Fuel,Debit,Fuel,-1296,-490193
2020-09-04,Travel,Debit,Travel,-2806,-492999
2020-09-04,Dining,Debit,Dining,-703,-493702
2020-09-07,Medical,Debit,Medical,-995,-494697
2020-09-07,Utilities,Debit,Utilities,-3141,-497838
2020-09-11,Groceries,Debit,Groceries,-4103,-501941
2020-09-11,Utilities,Debit,Utilities,-4787,-506728
2020-09-12,Medical,Debit,Medical,-4290,-511018
2020-09-12,Fuel,Debit,Fuel,-946,-511964
2020-09-13,Shopping,Debit,Shopping,-1666,-513630
2020-09-13,Fuel,Debit,Fuel,-2702,-516332
2020-09-14,Utilities,Debit,Utilities,-3199,-519531
2020-09-15,Shopping,Debit,Shopping,-1080,-520611
2020-09-15,Medical,Debit,Medical,-4718,-525329
2020-09-16,Utilities,Debit,Utilities,-1637,-526966
2020-09-16,Travel,Debit,Travel,-1686,-528652
2020-09-18,Dining,Debit,Dining,-1545,-530197
2020-09-18,Medical,Debit,Medical,-805,-531002
2020-09-21,Utilities,Debit,Utilities,-2326,-533328
2020-09-21,Dining,Debit,Dining,-2368,-535696
2020-09-22,Shopping,Debit,Shopping,-1246,-536942
2020-09-23,Fuel,Debit,Fuel,-4238,-541180
2020-09-26,Shopping,Debit,Shopping,-4390,-545570
2020-09-27,Medical,Debit,Medical,-2734,-548304
2020-09-27,Fuel,Debit,Fuel,-2627,-550931
2020-09-28,Fuel,Debit,Fuel,-3589,-554520
2020-09-30,Travel,Debit,Travel,-4753,-559273
2020-10-01,Shopping,Debit,Shopping,-4694,-563967
2020-10-01,Fuel,Debit,Fuel,-3967,-567934
2020-10-02,Rent,Debit,Rent,-3663,-571597
2020-10-02,Groceries,Debit,Groceries,-4790,-576387
2020-10-03,Fuel,Debit,Fuel,-1785,-578172
2020-10-04,Groceries,Debit,Groceries,-4803,-582975
2020-10-04,Fuel,Debit,Fuel,-1354,-584329
2020-10-05,Medical,Debit,Medical,-3550,-587879
2020-10-05,Rent,Debit,Rent,-2718,-590597
2020-10-06,Travel,Debit,Travel,-2301,-592898
2020-10-08,Utilities,Debit,Utilities,-823,-593721
2020-10-09,Rent,Debit,Rent,-2834,-596555
2020-10-10,Groceries,Debit,Groceries,-4276,-600831
2020-10-10,Groceries,Debit,Groceries,-1204,-602035
2020-10-11,Dining,Debit,Dining,-3668,-605703
2020-10-12,Fuel,Debit,Fuel,-2734,-608437
2020-10-13,Shopping,Debit,Shopping,-198,-608635
2020-10-13,Fuel,Debit,Fuel,-2276,-610911
2020-10-16,Fuel,Debit,Fuel,-1927,-612838
2020-10-18,Fuel,Debit,Fuel,-3841,-616679
2020-10-19,Rent,Debit,Rent,-4299,-620978
2020-10-20,Fuel,Debit,Fuel,-2671,-623649
2020-10-22,Utilities,Debit,Utilities,-2770,-626419
2020-10-22,Medical,Debit,Medical,-964,-627383
2020-10-23,Travel,Debit,Travel,-2983,-630366
2020-10-25,Fuel,Debit,Fuel,-2390,-632756
2020-10-26,Medical,Debit,Medical,-3184,-635940
2020-10-27,Utilities,Debit,Utilities,-4369,-640309
2020-10-27,Groceries,Debit,Groceries,-3183,-643492
2020-10-28,Travel,Debit,Travel,-1145,-644637
2020-10-29,Medical,Debit,Medical,-4920,-649557
2020-10-31,Rent,Debit,Rent,-1080,-650637
2020-11-02,Medical,Debit,Medical,-3999,-654636
2020-11-04,Medical,Debit,Medical,-3235,-657871
2020-11-04,Utilities,Debit,Utilities,-4169,-662040
2020-11-05,Groceries,Debit,Groceries,-4160,-666200
2020-11-06,Utilities,Debit,Utilities,-3406,-669606
2020-11-08,Fuel,Debit,Fuel,-2495,-672101
2020-11-08,Utilities,Debit,Utilities,-2609,-674710
2020-11-09,Groceries,Debit,Groceries,-2411,-677121
2020-11-10,Rent,Debit,Rent,-1433,-678554
2020-11-12,Shopping,Debit,Shopping,-2659,-681213
2020-11-14,Fuel,Debit,Fuel,-2801,-684014
2020-11-14,Groceries,Debit,Groceries,-466,-684480
2020-11-15,Medical,Debit,Medical,-625,-685105
2020-11-15,Utilities,Debit,Utilities,-3522,-688627
2020-11-17,Travel,Debit,Travel,-1759,-690386
2020-11-17,Fuel,Debit,Fuel,-3104,-693490
2020-11-18,Medical,Debit,Medical,-3734,-697224
2020-11-18,Utilities,Debit,Utilities,-2506,-699730
2020-11-19,Dining,Debit,Dining,-3304,-703034
2020-11-19,Groceries,Debit,Groceries,-3174,-706208
2020-11-21,Groceries,Debit,Groceries,-2081,-708289
2020-11-21,Rent,Debit,Rent,-4558,-712847
2020-11-23,Rent,Debit,Rent,-720,-713567
2020-11-24,Shopping,Debit,Shopping,-3237,-716804
2020-11-24,Fuel,Debit,Fuel,-2048,-718852
2020-11-27,Groceries,Debit,Groceries,-2257,-721109
2020-11-27,Travel,Debit,Travel,-4676,-725785
2020-11-28,Shopping,Debit,Shopping,-1443,-727228
2020-11-29,Groceries,Debit,Groceries,-313,-727541
2020-11-29,Rent,Debit,Rent,-1466,-729007
2020-11-30,Fuel,Debit,Fuel,-2335,-731342
2020-11-30,Medical,Debit,Medical,-1269,-732611
2020-12-01,Groceries,Debit,Groceries,-4736,-737347
2020-12-05,Medical,Debit,Medical,-1904,-739251
2020-12-07,Rent,Debit,Rent,-3406,-742657
2020-12-10,Dining,Debit,Dining,-243,-742900
2020-12-11,Travel,Debit,Travel,-4077,-746977
2020-12-11,Fuel,Debit,Fuel,-1068,-748045
2020-12-16,Shopping,Debit,Shopping,-1657,-749702
2020-12-17,Shopping,Debit,Shopping,-3354,-753056
2020-12-18,Dining,Debit,Dining,-1323,-754379
2020-12-20,Rent,Debit,Rent,-191,-754570
2020-12-21,Medical,Debit,Medical,-4620,-759190
2020-12-24,Dining,Debit,Dining,-3256,-762446
2020-12-24,Groceries,Debit,Groceries,-3552,-765998
2020-12-25,Rent,Debit,Rent,-1606,-767604
2020-12-25,Fuel,Debit,Fuel,-2780,-770384
2020-12-26,Dining,Debit,Dining,-2021,-772405
2020-12-29,Medical,Debit,Medical,-3935,-776340
2020-12-30,Groceries,Debit,Groceries,-4867,-781207
2020-12-30,Shopping,Debit,Shopping,-4102,-785309
2021-01-02,Shopping,Debit,Shopping,-1775,-787084
2021-01-03,Shopping,Debit,Shopping,-3547,-790631
2021-01-04,Dining,Debit,Dining,-2092,-792723
2021-01-05,Rent,Debit,Rent,-2963,-795686
2021-01-07,Fuel,Debit,Fuel,-2655,-798341
2021-01-07,Travel,Debit,Travel,-2679,-801020
2021-01-10,Rent,Debit,Rent,-3804,-804824
2021-01-11,Fuel,Debit,Fuel,-2559,-807383
2021-01-13,Shopping,Debit,Shopping,-4977,-812360
2021-01-14,Travel,Debit,Travel,-4066,-816426
2021-01-14,Dining,Debit,Dining,-1379,-817805
2021-01-16,Medical,Debit,Medical,-4852,-822657
2021-01-16,Groceries,Debit,Groceries,-572,-823229
2021-01-17,Rent,Debit,Rent,-905,-824134
2021-01-17,Travel,Debit,Travel,-4490,-828624
2021-01-20,Groceries,Debit,Groceries,-4639,-833263
2021-01-20,Rent,Debit,Rent,-2960,-836223
2021-01-21,Groceries,Debit,Groceries,-4222,-840445
2021-01-23,Fuel,Debit,Fuel,-1025,-841470
2021-01-23,Travel,Debit,Travel,-3875,-845345
2021-01-24,Travel,Debit,Travel,-1642,-846987
2021-01-24,Fuel,Debit,Fuel,-1137,-848124
2021-01-27,Fuel,Debit,Fuel,-2356,-850480
2021-01-30,Utilities,Debit,Utilities,-739,-851219
2021-01-30,Dining,Debit,Dining,-1038,-852257
2021-01-31,Groceries,Debit,Groceries,-1238,-853495
2021-02-01,Salary,Credit,Salary,61569,-791926
2021-02-01,Travel,Debit,Travel,-4338,-796264
2021-02-02,Shopping,Debit,Shopping,-1439,-797703
2021-02-03,Fuel,Debit,Fuel,-888,-798591
2021-02-10,Dining,Debit,Dining,-1193,-799784
2021-02-11,Groceries,Debit,Groceries,-4966,-804750
2021-02-12,Fuel,Debit,Fuel,-4594,-809344
2021-02-12,Fuel,Debit,Fuel,-2356,-811700
2021-02-13,Groceries,Debit,Groceries,-4709,-816409
2021-02-16,Utilities,Debit,Utilities,-2713,-819122
2021-02-17,Shopping,Debit,Shopping,-3544,-822666
2021-02-19,Fuel,Debit,Fuel,-4772,-827438
2021-02-19,Shopping,Debit,Shopping,-265,-827703
2021-02-21,Shopping,Debit,Shopping,-3422,-831125
2021-02-21,Rent,Debit,Rent,-2215,-833340
2021-02-22,Travel,Debit,Travel,-776,-834116
2021-02-23,Rent,Debit,Rent,-698,-834814
2021-02-23,Rent,Debit,Rent,-1307,-836121
2021-02-27,Rent,Debit,Rent,-415,-836536
2021-02-27,Shopping,Debit,Shopping,-2174,-838710
2021-03-01,Salary,Credit,Salary,59589,-779121
2021-03-02,Rent,Debit,Rent,-760,-779881
2021-03-02,Fuel,Debit,Fuel,-4182,-784063
2021-03-04,Rent,Debit,Rent,-2756,-786819
2021-03-05,Medical,Debit,Medical,-4425,-791244
2021-03-05,Fuel,Debit,Fuel,-4715,-795959
2021-03-08,Dining,Debit,Dining,-4270,-800229
2021-03-09,Groceries,Debit,Groceries,-133,-800362
2021-03-10,Shopping,Debit,Shopping,-4594,-804956
2021-03-10,Utilities,Debit,Utilities,-3371,-808327
2021-03-14,Medical,Debit,Medical,-4590,-812917
2021-03-15,Shopping,Debit,Shopping,-1656,-814573
2021-03-15,Medical,Debit,Medical,-4603,-819176
2021-03-16,Fuel,Debit,Fuel,-3913,-823089
2021-03-16,Rent,Debit,Rent,-3081,-826170
2021-03-17,Dining,Debit,Dining,-1610,-827780
2021-03-17,Fuel,Debit,Fuel,-685,-828465
2021-03-18,Shopping,Debit,Shopping,-336,-828801
2021-03-18,Travel,Debit,Travel,-122,-828923
2021-03-19,Groceries,Debit,Groceries,-2116,-831039
2021-03-19,Dining,Debit,Dining,-3626,-834665
2021-03-20,Groceries,Debit,Groceries,-3301,-837966
2021-03-21,Rent,Debit,Rent,-1409,-839375
2021-03-21,Shopping,Debit,Shopping,-1739,-841114
2021-03-23,Shopping,Debit,Shopping,-4891,-846005
2021-03-23,Shopping,Debit,Shopping,-3732,-849737
2021-03-24,Fuel,Debit,Fuel,-1575,-851312
2021-03-24,Medical,Debit,Medical,-4433,-855745
2021-03-28,Travel,Debit,Travel,-3111,-858856
2021-03-30,Fuel,Debit,Fuel,-3384,-862240
2021-03-31,Utilities,Debit,Utilities,-2098,-864338
2021-04-01,Utilities,Debit,Utilities,-730,-865068
2021-04-01,Groceries,Debit,Groceries,-312,-865380
2021-04-02,Fuel,Debit,Fuel,-4920,-870300
2021-04-02,Travel,Debit,Travel,-3019,-873319
2021-04-03,Fuel,Debit,Fuel,-2122,-875441
2021-04-03,Medical,Debit,Medical,-2590,-878031
2021-04-05,Rent,Debit,Rent,-1880,-879911
2021-04-05,Groceries,Debit,Groceries,-1354,-881265
2021-04-07,Medical,Debit,Medical,-189,-881454
2021-04-08,Dining,Debit,Dining,-3608,-885062
2021-04-10,Travel,Debit,Travel,-4420,-889482
2021-04-11,Dining,Debit,Dining,-2976,-892458
2021-04-12,Rent,Debit,Rent,-2330,-894788
2021-04-12,Rent,Debit,Rent,-3976,-898764
2021-04-13,Medical,Debit,Medical,-4736,-903500
2021-04-17,Medical,Debit,Medical,-4137,-907637
2021-04-19,Fuel,Debit,Fuel,-3770,-911407
2021-04-19,Shopping,Debit,Shopping,-4078,-915485
2021-04-21,Groceries,Debit,Groceries,-195,-915680
2021-04-22,Fuel,Debit,Fuel,-2016,-917696
2021-04-22,Rent,Debit,Rent,-2030,-919726
2021-04-23,Shopping,Debit,Shopping,-4099,-923825
2021-04-25,Dining,Debit,Dining,-366,-924191
2021-04-29,Utilities,Debit,Utilities,-4385,-928576
2021-05-03,Rent,Debit,Rent,-759,-929335
2021-05-04,Shopping,Debit,Shopping,-4609,-933944
2021-05-04,Shopping,Debit,Shopping,-1574,-935518
2021-05-05,Medical,Debit,Medical,-1726,-937244
2021-05-07,Groceries,Debit,Groceries,-1543,-938787
2021-05-07,Travel,Debit,Travel,-3906,-942693
2021-05-08,Utilities,Debit,Utilities,-2423,-945116
2021-05-08,Shopping,Debit,Shopping,-3485,-948601
2021-05-09,Groceries,Debit,Groceries,-3598,-952199
2021-05-09,Utilities,Debit,Utilities,-1076,-953275
2021-05-10,Utilities,Debit,Utilities,-2561,-955836
2021-05-11,Shopping,Debit,Shopping,-1977,-957813
2021-05-11,Fuel,Debit,Fuel,-3535,-961348
2021-05-15,Shopping,Debit,Shopping,-2905,-964253
2021-05-17,Groceries,Debit,Groceries,-3469,-967722
2021-05-17,Rent,Debit,Rent,-4502,-972224
2021-05-18,Groceries,Debit,Groceries,-4770,-976994
2021-05-18,Dining,Debit,Dining,-4541,-981535
2021-05-19,Dining,Debit,Dining,-1864,-983399
2021-05-19,Dining,Debit,Dining,-2458,-985857
2021-05-20,Utilities,Debit,Utilities,-2271,-988128
2021-05-23,Utilities,Debit,Utilities,-3134,-991262
2021-05-25,Medical,Debit,Medical,-2700,-993962
2021-05-25,Shopping,Debit,Shopping,-1967,-995929
2021-05-26,Groceries,Debit,Groceries,-599,-996528
2021-05-26,Shopping,Debit,Shopping,-437,-996965
2021-05-27,Groceries,Debit,Groceries,-1577,-998542
2021-05-29,Fuel,Debit,Fuel,-3078,-1001620
2021-05-29,Rent,Debit,Rent,-3947,-1005567
2021-05-31,Dining,Debit,Dining,-1622,-1007189
2021-06-01,Salary,Credit,Salary,7232,-999957
2021-06-01,Utilities,Debit,Utilities,-1643,-1001600
2021-06-02,Dining,Debit,Dining,-2734,-1004334
2021-06-02,Medical,Debit,Medical,-2733,-1007067
2021-06-04,Fuel,Debit,Fuel,-2204,-1009271
2021-06-06,Shopping,Debit,Shopping,-4347,-1013618
2021-06-06,Medical,Debit,Medical,-4703,-1018321
2021-06-08,Dining,Debit,Dining,-2685,-1021006
2021-06-09,Fuel,Debit,Fuel,-1653,-1022659
2021-06-09,Shopping,Debit,Shopping,-2728,-1025387
2021-06-12,Medical,Debit,Medical,-2102,-1027489
2021-06-12,Travel,Debit,Travel,-2819,-1030308
2021-06-13,Fuel,Debit,Fuel,-831,-1031139
2021-06-13,Travel,Debit,Travel,-327,-1031466
2021-06-14,Medical,Debit,Medical,-2493,-1033959
2021-06-14,Fuel,Debit,Fuel,-1254,-1035213
2021-06-15,Fuel,Debit,Fuel,-3860,-1039073
2021-06-16,Groceries,Debit,Groceries,-4784,-1043857
2021-06-16,Rent,Debit,Rent,-1592,-1045449
2021-06-18,Rent,Debit,Rent,-1553,-1047002
2021-06-18,Rent,Debit,Rent,-970,-1047972
2021-06-21,Rent,Debit,Rent,-3594,-1051566
2021-06-21,Dining,Debit,Dining,-4004,-1055570
2021-06-24,Dining,Debit,Dining,-3315,-1058885
2021-06-24,Dining,Debit,Dining,-4602,-1063487
2021-06-26,Dining,Debit,Dining,-2147,-1065634
2021-06-26,Medical,Debit,Medical,-1354,-1066988
2021-06-29,Medical,Debit,Medical,-4216,-1071204
2021-06-29,Rent,Debit,Rent,-4500,-1075704
2021-06-30,Rent,Debit,Rent,-503,-1076207
2021-06-30,Shopping,Debit,Shopping,-3991,-1080198
2021-07-01,Rent,Debit,Rent,-3790,-1083988
2021-07-07,Shopping,Debit,Shopping,-928,-1084916
2021-07-10,Groceries,Debit,Groceries,-2710,-1087626
2021-07-11,Dining,Debit,Dining,-3099,-1090725
2021-07-11,Shopping,Debit,Shopping,-2892,-1093617
2021-07-12,Utilities,Debit,Utilities,-2393,-1096010
2021-07-12,Dining,Debit,Dining,-2490,-1098500
2021-07-13,Fuel,Debit,Fuel,-355,-1098855
2021-07-13,Dining,Debit,Dining,-2316,-1101171
2021-07-14,Utilities,Debit,Utilities,-3865,-1105036
2021-07-14,Utilities,Debit,Utilities,-4595,-1109631
2021-07-16,Medical,Debit,Medical,-3718,-1113349
2021-07-19,Dining,Debit,Dining,-3109,-1116458
2021-07-19,Rent,Debit,Rent,-1390,-1117848
2021-07-20,Shopping,Debit,Shopping,-3419,-1121267
2021-07-20,Fuel,Debit,Fuel,-471,-1121738
2021-07-26,Utilities,Debit,Utilities,-2096,-1123834
2021-07-26,Rent,Debit,Rent,-2676,-1126510
2021-07-27,Rent,Debit,Rent,-4101,-1130611
2021-07-28,Travel,Debit,Travel,-3293,-1133904
2021-07-28,Rent,Debit,Rent,-4213,-1138117
2021-07-31,Fuel,Debit,Fuel,-2464,-1140581
2021-08-01,Groceries,Debit,Groceries,-3730,-1144311
2021-08-02,Medical,Debit,Medical,-3193,-1147504
2021-08-03,Shopping,Debit,Shopping,-4722,-1152226
2021-08-04,Dining,Debit,Dining,-1431,-1153657
2021-08-04,Rent,Debit,Rent,-3510,-1157167
2021-08-05,Shopping,Debit,Shopping,-2733,-1159900
2021-08-05,Fuel,Debit,Fuel,-3772,-1163672
2021-08-07,Travel,Debit,Travel,-2367,-1166039
2021-08-07,Groceries,Debit,Groceries,-211,-1166250
2021-08-08,Rent,Debit,Rent,-1433,-1167683
2021-08-09,Dining,Debit,Dining,-4866,-1172549
2021-08-10,Fuel,Debit,Fuel,-529,-1173078
2021-08-11,Fuel,Debit,Fuel,-3384,-1176462
2021-08-12,Shopping,Debit,Shopping,-721,-1177183
2021-08-14,Dining,Debit,Dining,-1651,-1178834
2021-08-15,Dining,Debit,Dining,-2663,-1181497
2021-08-18,Dining,Debit,Dining,-356,-1181853
2021-08-19,Medical,Debit,Medical,-3661,-1185514
2021-08-20,Fuel,Debit,Fuel,-3091,-1188605
2021-08-21,Groceries,Debit,Groceries,-2239,-1190844
2021-08-21,Dining,Debit,Dining,-1836,-1192680
2021-08-24,Travel,Debit,Travel,-1424,-1194104
2021-08-25,Fuel,Debit,Fuel,-1530,-1195634
2021-08-25,Rent,Debit,Rent,-4099,-1199733
2021-08-26,Dining,Debit,Dining,-4177,-1203910
2021-08-27,Fuel,Debit,Fuel,-1419,-1205329
2021-08-27,Shopping,Debit,Shopping,-2157,-1207486
2021-08-28,Dining,Debit,Dining,-2031,-1209517
2021-08-29,Rent,Debit,Rent,-2960,-1212477
2021-08-30,Groceries,Debit,Groceries,-3171,-1215648
2021-08-30,Dining,Debit,Dining,-3803,-1219451
2021-08-31,Medical,Debit,Medical,-2589,-1222040
2021-09-05,Travel,Debit,Travel,-1193,-1223233
2021-09-05,Medical,Debit,Medical,-352,-1223585
2021-09-06,Travel,Debit,Travel,-658,-1224243
2021-09-06,Fuel,Debit,Fuel,-353,-1224596
2021-09-07,Dining,Debit,Dining,-1506,-1226102
2021-09-07,Groceries,Debit,Groceries,-2196,-1228298
2021-09-08,Utilities,Debit,Utilities,-3695,-1231993
2021-09-09,Rent,Debit,Rent,-3466,-1235459
2021-09-09,Fuel,Debit,Fuel,-3017,-1238476
2021-09-11,Fuel,Debit,Fuel,-373,-1238849
2021-09-13,Fuel,Debit,Fuel,-3174,-1242023
2021-09-14,Fuel,Debit,Fuel,-413,-1242436
2021-09-14,Fuel,Debit,Fuel,-2606,-1245042
2021-09-15,Utilities,Debit,Utilities,-804,-1245846
2021-09-15,Fuel,Debit,Fuel,-2883,-1248729
2021-09-16,Rent,Debit,Rent,-1860,-1250589
2021-09-21,Groceries,Debit,Groceries,-4704,-1255293
2021-09-21,Rent,Debit,Rent,-3269,-1258562
2021-09-22,Shopping,Debit,Shopping,-580,-1259142
2021-09-22,Utilities,Debit,Utilities,-3074,-1262216
2021-09-23,Fuel,Debit,Fuel,-2291,-1264507
2021-09-23,Dining,Debit,Dining,-3359,-1267866
2021-09-24,Fuel,Debit,Fuel,-4309,-1272175
2021-09-24,Medical,Debit,Medical,-3949,-1276124
2021-09-25,Utilities,Debit,Utilities,-4420,-1280544
2021-09-27,Medical,Debit,Medical,-4492,-1285036
2021-09-28,Medical,Debit,Medical,-3127,-1288163
2021-09-28,Fuel,Debit,Fuel,-440,-1288603
2021-09-29,Groceries,Debit,Groceries,-3999,-1292602
2021-09-30,Travel,Debit,Travel,-2135,-1294737
2021-10-01,Medical,Debit,Medical,-4647,-1299384
2021-10-02,Utilities,Debit,Utilities,-1661,-1301045
2021-10-02,Medical,Debit,Medical,-2952,-1303997
2021-10-05,Utilities,Debit,Utilities,-697,-1304694
2021-10-05,Fuel,Debit,Fuel,-3082,-1307776
2021-10-07,Rent,Debit,Rent,-4802,-1312578
2021-10-07,Shopping,Debit,Shopping,-4402,-1316980
2021-10-11,Medical,Debit,Medical,-3802,-1320782
2021-10-12,Utilities,Debit,Utilities,-4560,-1325342
2021-10-13,Dining,Debit,Dining,-270,-1325612
2021-10-15,Travel,Debit,Travel,-4723,-1330335
2021-10-15,Medical,Debit,Medical,-1236,-1331571
2021-10-16,Utilities,Debit,Utilities,-3917,-1335488
2021-10-19,Groceries,Debit,Groceries,-795,-1336283
2021-10-19,Rent,Debit,Rent,-2899,-1339182
2021-10-21,Medical,Debit,Medical,-2164,-1341346
2021-10-21,Utilities,Debit,Utilities,-3717,-1345063
2021-10-22,Fuel,Debit,Fuel,-4981,-1350044
2021-10-27,Utilities,Debit,Utilities,-1083,-1351127
2021-10-28,Groceries,Debit,Groceries,-331,-1351458
2021-10-28,Shopping,Debit,Shopping,-3106,-1354564
2021-10-29,Dining,Debit,Dining,-805,-1355369
2021-10-29,Groceries,Debit,Groceries,-1920,-1357289
2021-10-30,Fuel,Debit,Fuel,-4776,-1362065
2021-10-30,Rent,Debit,Rent,-3270,-1365335
2021-10-31,Medical,Debit,Medical,-1222,-1366557
2021-11-01,Shopping,Debit,Shopping,-3524,-1370081
2021-11-02,Travel,Debit,Travel,-1681,-1371762
2021-11-02,Utilities,Debit,Utilities,-4590,-1376352
2021-11-03,Groceries,Debit,Groceries,-4557,-1380909
2021-11-03,Rent,Debit,Rent,-4582,-1385491
2021-11-05,Medical,Debit,Medical,-3211,-1388702
2021-11-07,Travel,Debit,Travel,-4663,-1393365
2021-11-07,Groceries,Debit,Groceries,-4119,-1397484
2021-11-08,Groceries,Debit,Groceries,-3652,-1401136
2021-11-09,Medical,Debit,Medical,-4334,-1405470
2021-11-09,Medical,Debit,Medical,-825,-1406295
2021-11-12,Fuel,Debit,Fuel,-4687,-1410982
2021-11-13,Rent,Debit,Rent,-1308,-1412290
2021-11-13,Travel,Debit,Travel,-4189,-1416479
2021-11-14,Rent,Debit,Rent,-856,-1417335
2021-11-15,Fuel,Debit,Fuel,-4246,-1421581
2021-11-17,Rent,Debit,Rent,-269,-1421850
2021-11-17,Dining,Debit,Dining,-2570,-1424420
2021-11-19,Shopping,Debit,Shopping,-4817,-1429237
2021-11-19,Medical,Debit,Medical,-3425,-1432662
2021-11-20,Medical,Debit,Medical,-3606,-1436268
2021-11-20,Fuel,Debit,Fuel,-3971,-1440239
2021-11-21,Groceries,Debit,Groceries,-4968,-1445207
2021-11-21,Fuel,Debit,Fuel,-4365,-1449572
2021-11-22,Travel,Debit,Travel,-2652,-1452224
2021-11-24,Utilities,Debit,Utilities,-2669,-1454893
2021-11-26,Travel,Debit,Travel,-3229,-1458122
2021-11-27,Travel,Debit,Travel,-4469,-1462591
2021-11-29,Dining,Debit,Dining,-946,-1463537
2021-11-30,Dining,Debit,Dining,-1036,-1464573
2021-12-05,Groceries,Debit,Groceries,-2470,-1467043
2021-12-06,Fuel,Debit,Fuel,-3371,-1470414
2021-12-06,Fuel,Debit,Fuel,-1573,-1471987
2021-12-08,Medical,Debit,Medical,-1934,-1473921
2021-12-08,Utilities,Debit,Utilities,-1320,-1475241
2021-12-10,Travel,Debit,Travel,-402,-1475643
2021-12-10,Groceries,Debit,Groceries,-2872,-1478515
2021-12-12,Fuel,Debit,Fuel,-2772,-1481287
2021-12-12,Fuel,Debit,Fuel,-1436,-1482723
2021-12-13,Dining,Debit,Dining,-3760,-1486483
2021-12-14,Dining,Debit,Dining,-3659,-1490142
2021-12-15,Utilities,Debit,Utilities,-3948,-1494090
2021-12-16,Medical,Debit,Medical,-4610,-1498700
2021-12-18,Fuel,Debit,Fuel,-1052,-1499752
2021-12-19,Fuel,Debit,Fuel,-1338,-1501090
2021-12-21,Dining,Debit,Dining,-3098,-1504188
2021-12-23,Rent,Debit,Rent,-2348,-1506536
2021-12-26,Travel,Debit,Travel,-4659,-1511195
2021-12-27,Rent,Debit,Rent,-3541,-1514736
2021-12-27,Shopping,Debit,Shopping,-3404,-1518140
2021-12-28,Travel,Debit,Travel,-1346,-1519486
2022-01-01,Rent,Debit,Rent,-3549,-1523035
2022-01-01,Utilities,Debit,Utilities,-4419,-1527454
2022-01-02,Travel,Debit,Travel,-2116,-1529570
2022-01-04,Shopping,Debit,Shopping,-2623,-1532193
2022-01-05,Travel,Debit,Travel,-189,-1532382
2022-01-07,Groceries,Debit,Groceries,-1718,-1534100
2022-01-08,Shopping,Debit,Shopping,-3371,-1537471
2022-01-08,Shopping,Debit,Shopping,-1729,-1539200
2022-01-09,Travel,Debit,Travel,-3373,-1542573
2022-01-11,Dining,Debit,Dining,-3352,-1545925
2022-01-12,Utilities,Debit,Utilities,-4151,-1550076
2022-01-12,Medical,Debit,Medical,-2076,-1552152
2022-01-13,Groceries,Debit,Groceries,-2794,-1554946
2022-01-13,Travel,Debit,Travel,-1740,-1556686
2022-01-15,Travel,Debit,Travel,-3065,-1559751
2022-01-18,Shopping,Debit,Shopping,-2890,-1562641
2022-01-21,Dining,Debit,Dining,-3283,-1565924
2022-01-24,Shopping,Debit,Shopping,-2153,-1568077
2022-01-24,Travel,Debit,Travel,-4684,-1572761
2022-01-29,Rent,Debit,Rent,-2411,-1575172
2022-01-30,Fuel,Debit,Fuel,-1791,-1576963
2022-01-30,Medical,Debit,Medical,-2486,-1579449
2022-02-04,Fuel,Debit,Fuel,-1356,-1580805
2022-02-05,Medical,Debit,Medical,-2787,-1583592
2022-02-06,Travel,Debit,Travel,-564,-1584156
2022-02-06,Dining,Debit,Dining,-1763,-1585919
2022-02-09,Shopping,Debit,Shopping,-4354,-1590273
2022-02-09,Rent,Debit,Rent,-244,-1590517
2022-02-11,Medical,Debit,Medical,-2643,-1593160
2022-02-12,Dining,Debit,Dining,-843,-1594003
2022-02-12,Fuel,Debit,Fuel,-4484,-1598487
2022-02-13,Groceries,Debit,Groceries,-3745,-1602232
2022-02-14,Utilities,Debit,Utilities,-3024,-1605256
2022-02-15,Groceries,Debit,Groceries,-551,-1605807
2022-02-17,Medical,Debit,Medical,-1460,-1607267
2022-02-17,Fuel,Debit,Fuel,-1605,-1608872
2022-02-19,Groceries,Debit,Groceries,-1513,-1610385
2022-02-20,Utilities,Debit,Utilities,-845,-1611230
2022-02-21,Utilities,Debit,Utilities,-1887,-1613117
2022-02-22,Groceries,Debit,Groceries,-4091,-1617208
2022-02-22,Rent,Debit,Rent,-3165,-1620373
2022-02-23,Shopping,Debit,Shopping,-1326,-1621699
2022-02-23,Dining,Debit,Dining,-2001,-1623700
2022-02-26,Travel,Debit,Travel,-3671,-1627371
2022-02-27,Utilities,Debit,Utilities,-4252,-1631623
2022-02-27,Medical,Debit,Medical,-4297,-1635920
2022-02-28,Groceries,Debit,Groceries,-2639,-1638559
2022-02-28,Travel,Debit,Travel,-4331,-1642890
2022-03-01,Fuel,Debit,Fuel,-4677,-1647567
2022-03-02,Shopping,Debit,Shopping,-2392,-1649959
2022-03-02,Dining,Debit,Dining,-3743,-1653702
2022-03-03,Travel,Debit,Travel,-2296,-1655998
2022-03-04,Shopping,Debit,Shopping,-3841,-1659839
2022-03-04,Utilities,Debit,Utilities,-1576,-1661415
2022-03-06,Utilities,Debit,Utilities,-920,-1662335
2022-03-06,Groceries,Debit,Groceries,-3895,-1666230
2022-03-09,Utilities,Debit,Utilities,-2127,-1668357
2022-03-09,Shopping,Debit,Shopping,-3857,-1672214
2022-03-10,Travel,Debit,Travel,-2586,-1674800
2022-03-13,Groceries,Debit,Groceries,-2670,-1677470
2022-03-13,Groceries,Debit,Groceries,-4171,-1681641
2022-03-14,Dining,Debit,Dining,-4104,-1685745
2022-03-16,Groceries,Debit,Groceries,-569,-1686314
2022-03-17,Dining,Debit,Dining,-372,-1686686
2022-03-17,Groceries,Debit,Groceries,-2731,-1689417
2022-03-18,Medical,Debit,Medical,-4451,-1693868
2022-03-18,Rent,Debit,Rent,-1427,-1695295
2022-03-20,Shopping,Debit,Shopping,-1419,-1696714
2022-03-20,Utilities,Debit,Utilities,-4633,-1701347
2022-03-21,Medical,Debit,Medical,-833,-1702180
2022-03-21,Utilities,Debit,Utilities,-647,-1702827
2022-03-22,Travel,Debit,Travel,-288,-1703115
2022-03-24,Groceries,Debit,Groceries,-1271,-1704386
2022-03-25,Rent,Debit,Rent,-4813,-1709199
2022-03-25,Rent,Debit,Rent,-4661,-1713860
2022-03-26,Medical,Debit,Medical,-2055,-1715915
2022-03-26,Dining,Debit,Dining,-4111,-1720026
2022-03-27,Fuel,Debit,Fuel,-4447,-1724473
2022-03-27,Fuel,Debit,Fuel,-3657,-1728130
2022-03-28,Groceries,Debit,Groceries,-653,-1728783
2022-03-28,Utilities,Debit,Utilities,-2235,-1731018
2022-03-29,Fuel,Debit,Fuel,-1376,-1732394
2022-03-29,Utilities,Debit,Utilities,-3112,-1735506
2022-03-30,Utilities,Debit,Utilities,-3842,-1739348
2022-03-30,Shopping,Debit,Shopping,-3721,-1743069
2022-03-31,Groceries,Debit,Groceries,-2058,-1745127
2022-04-01,Medical,Debit,Medical,-924,-1746051
2022-04-01,Dining,Debit,Dining,-2191,-1748242
2022-04-02,Rent,Debit,Rent,-341,-1748583
2022-04-02,Utilities,Debit,Utilities,-335,-1748918
2022-04-03,Travel,Debit,Travel,-1421,-1750339
2022-04-03,Groceries,Debit,Groceries,-3841,-1754180
2022-04-06,Groceries,Debit,Groceries,-2177,-1756357
2022-04-06,Groceries,Debit,Groceries,-4665,-1761022
2022-04-07,Shopping,Debit,Shopping,-3604,-1764626
2022-04-10,Shopping,Debit,Shopping,-2276,-1766902
2022-04-12,Rent,Debit,Rent,-1798,-1768700
2022-04-17,Rent,Debit,Rent,-4619,-1773319
2022-04-17,Fuel,Debit,Fuel,-4660,-1777979
2022-04-18,Fuel,Debit,Fuel,-372,-1778351
2022-04-18,Utilities,Debit,Utilities,-4565,-1782916
2022-04-19,Medical,Debit,Medical,-2353,-1785269
2022-04-20,Utilities,Debit,Utilities,-400,-1785669
2022-04-21,Fuel,Debit,Fuel,-2351,-1788020
2022-04-21,Travel,Debit,Travel,-2997,-1791017
2022-04-22,Medical,Debit,Medical,-428,-1791445
2022-04-22,Dining,Debit,Dining,-2313,-1793758
2022-04-23,Dining,Debit,Dining,-867,-1794625
2022-04-23,Rent,Debit,Rent,-2981,-1797606
2022-04-27,Fuel,Debit,Fuel,-542,-1798148
2022-04-29,Fuel,Debit,Fuel,-2485,-1800633
2022-05-04,Travel,Debit,Travel,-3642,-1804275
2022-05-04,Medical,Debit,Medical,-1703,-1805978
2022-05-07,Fuel,Debit,Fuel,-2533,-1808511
2022-05-10,Dining,Debit,Dining,-3951,-1812462
2022-05-12,Dining,Debit,Dining,-4965,-1817427
2022-05-12,Shopping,Debit,Shopping,-344,-1817771
2022-05-14,Shopping,Debit,Shopping,-1132,-1818903
2022-05-14,Shopping,Debit,Shopping,-158,-1819061
2022-05-19,Rent,Debit,Rent,-685,-1819746
2022-05-19,Fuel,Debit,Fuel,-491,-1820237
2022-05-20,Medical,Debit,Medical,-3111,-1823348
2022-05-20,Fuel,Debit,Fuel,-2700,-1826048
2022-05-22,Rent,Debit,Rent,-3438,-1829486
2022-05-23,Shopping,Debit,Shopping,-1085,-1830571
2022-05-24,Dining,Debit,Dining,-1285,-1831856
2022-05-25,Fuel,Debit,Fuel,-2969,-1834825
2022-05-25,Medical,Debit,Medical,-3514,-1838339
2022-05-26,Shopping,Debit,Shopping,-2029,-1840368
2022-05-29,Groceries,Debit,Groceries,-2027,-1842395
2022-05-31,Travel,Debit,Travel,-4882,-1847277
2022-05-31,Fuel,Debit,Fuel,-3685,-1850962
2022-06-01,Salary,Credit,Salary,33335,-1817627
2022-06-02,Dining,Debit,Dining,-4437,-1822064
2022-06-02,Dining,Debit,Dining,-4203,-1826267
2022-06-04,Utilities,Debit,Utilities,-3993,-1830260
2022-06-04,Travel,Debit,Travel,-2332,-1832592
2022-06-05,Utilities,Debit,Utilities,-2642,-1835234
2022-06-05,Medical,Debit,Medical,-1449,-1836683
2022-06-07,Rent,Debit,Rent,-1543,-1838226
2022-06-08,Fuel,Debit,Fuel,-2851,-1841077
2022-06-09,Dining,Debit,Dining,-3785,-1844862
2022-06-09,Rent,Debit,Rent,-3595,-1848457
2022-06-10,Shopping,Debit,Shopping,-3242,-1851699
2022-06-11,Dining,Debit,Dining,-3684,-1855383
2022-06-11,Utilities,Debit,Utilities,-3248,-1858631
2022-06-13,Rent,Debit,Rent,-150,-1858781
2022-06-14,Utilities,Debit,Utilities,-3416,-1862197
2022-06-15,Medical,Debit,Medical,-3845,-1866042
2022-06-15,Fuel,Debit,Fuel,-3858,-1869900
2022-06-17,Fuel,Debit,Fuel,-3391,-1873291
2022-06-17,Dining,Debit,Dining,-1869,-1875160
2022-06-18,Fuel,Debit,Fuel,-1014,-1876174
2022-06-19,Utilities,Debit,Utilities,-552,-1876726
2022-06-20,Utilities,Debit,Utilities,-1930,-1878656
2022-06-20,Dining,Debit,Dining,-1996,-1880652
2022-06-22,Fuel,Debit,Fuel,-4309,-1884961
2022-06-22,Fuel,Debit,Fuel,-4430,-1889391
2022-06-23,Shopping,Debit,Shopping,-2275,-1891666
2022-06-24,Utilities,Debit,Utilities,-119,-1891785
2022-06-28,Rent,Debit,Rent,-4082,-1895867
2022-06-29,Rent,Debit,Rent,-4964,-1900831
2022-06-29,Dining,Debit,Dining,-3531,-1904362
2022-07-01,Medical,Debit,Medical,-1851,-1906213
2022-07-01,Fuel,Debit,Fuel,-1905,-1908118
2022-07-02,Shopping,Debit,Shopping,-4774,-1912892
2022-07-03,Groceries,Debit,Groceries,-1576,-1914468
2022-07-03,Fuel,Debit,Fuel,-1055,-1915523
2022-07-05,Rent,Debit,Rent,-4292,-1919815
2022-07-08,Fuel,Debit,Fuel,-2024,-1921839
2022-07-09,Dining,Debit,Dining,-505,-1922344
2022-07-09,Shopping,Debit,Shopping,-119,-1922463
2022-07-10,Medical,Debit,Medical,-3198,-1925661
2022-07-10,Utilities,Debit,Utilities,-4330,-1929991
2022-07-11,Shopping,Debit,Shopping,-4742,-1934733
2022-07-12,Medical,Debit,Medical,-3199,-1937932
2022-07-13,Utilities,Debit,Utilities,-2430,-1940362
2022-07-13,Utilities,Debit,Utilities,-3003,-1943365
2022-07-14,Medical,Debit,Medical,-4154,-1947519
2022-07-14,Shopping,Debit,Shopping,-2914,-1950433
2022-07-15,Medical,Debit,Medical,-2554,-1952987
2022-07-15,Rent,Debit,Rent,-1207,-1954194
2022-07-19,Medical,Debit,Medical,-3960,-1958154
2022-07-20,Travel,Debit,Travel,-2828,-1960982
2022-07-21,Rent,Debit,Rent,-2440,-1963422
2022-07-22,Fuel,Debit,Fuel,-1332,-1964754
2022-07-22,Groceries,Debit,Groceries,-1115,-1965869
2022-07-23,Rent,Debit,Rent,-227,-1966096
2022-07-26,Travel,Debit,Travel,-835,-1966931
2022-07-27,Travel,Debit,Travel,-143,-1967074
2022-07-28,Medical,Debit,Medical,-810,-1967884
2022-07-29,Shopping,Debit,Shopping,-1014,-1968898
2022-07-30,Shopping,Debit,Shopping,-3715,-1972613
2022-08-01,Salary,Credit,Salary,53140,-1919473
2022-08-02,Shopping,Debit,Shopping,-2551,-1922024
2022-08-04,Shopping,Debit,Shopping,-2043,-1924067
2022-08-04,Fuel,Debit,Fuel,-4974,-1929041
2022-08-07,Shopping,Debit,Shopping,-4404,-1933445
2022-08-07,Groceries,Debit,Groceries,-1287,-1934732
2022-08-10,Fuel,Debit,Fuel,-3549,-1938281
2022-08-12,Travel,Debit,Travel,-4516,-1942797
2022-08-13,Groceries,Debit,Groceries,-2072,-1944869
2022-08-16,Utilities,Debit,Utilities,-4854,-1949723
2022-08-17,Rent,Debit,Rent,-1463,-1951186
2022-08-17,Rent,Debit,Rent,-280,-1951466
2022-08-18,Travel,Debit,Travel,-1354,-1952820
2022-08-20,Fuel,Debit,Fuel,-2414,-1955234
2022-08-21,Fuel,Debit,Fuel,-2725,-1957959
2022-08-22,Medical,Debit,Medical,-1394,-1959353
2022-08-23,Utilities,Debit,Utilities,-4604,-1963957
2022-08-23,Medical,Debit,Medical,-4304,-1968261
2022-08-24,Fuel,Debit,Fuel,-1858,-1970119
2022-08-25,Rent,Debit,Rent,-4170,-1974289
2022-08-25,Travel,Debit,Travel,-2172,-1976461
2022-08-26,Shopping,Debit,Shopping,-3545,-1980006
2022-08-29,Utilities,Debit,Utilities,-1345,-1981351
2022-08-30,Shopping,Debit,Shopping,-4829,-1986180
2022-08-30,Rent,Debit,Rent,-227,-1986407
2022-08-31,Travel,Debit,Travel,-3399,-1989806
2022-08-31,Groceries,Debit,Groceries,-257,-1990063
2022-09-01,Dining,Debit,Dining,-4816,-1994879
2022-09-03,Shopping,Debit,Shopping,-3191,-1998070
2022-09-03,Travel,Debit,Travel,-3161,-2001231
2022-09-05,Shopping,Debit,Shopping,-4708,-2005939
2022-09-06,Fuel,Debit,Fuel,-1997,-2007936
2022-09-06,Travel,Debit,Travel,-4357,-2012293
2022-09-08,Medical,Debit,Medical,-4877,-2017170
2022-09-09,Shopping,Debit,Shopping,-3707,-2020877
2022-09-10,Medical,Debit,Medical,-3592,-2024469
2022-09-10,Utilities,Debit,Utilities,-2899,-2027368
2022-09-12,Groceries,Debit,Groceries,-2445,-2029813
2022-09-12,Dining,Debit,Dining,-4831,-2034644
2022-09-13,Dining,Debit,Dining,-1571,-2036215
2022-09-14,Medical,Debit,Medical,-3670,-2039885
2022-09-14,Medical,Debit,Medical,-911,-2040796
2022-09-16,Groceries,Debit,Groceries,-4863,-2045659
2022-09-17,Travel,Debit,Travel,-941,-2046600
2022-09-19,Rent,Debit,Rent,-4418,-2051018
2022-09-20,Fuel,Debit,Fuel,-1727,-2052745
2022-09-20,Dining,Debit,Dining,-303,-2053048
2022-09-23,Utilities,Debit,Utilities,-2936,-2055984
2022-09-24,Travel,Debit,Travel,-4425,-2060409
2022-09-25,Rent,Debit,Rent,-2964,-2063373
2022-09-27,Medical,Debit,Medical,-3937,-2067310
2022-09-27,Medical,Debit,Medical,-187,-2067497
2022-09-28,Rent,Debit,Rent,-2598,-2070095
2022-09-29,Fuel,Debit,Fuel,-2519,-2072614
2022-10-07,Fuel,Debit,Fuel,-4555,-2077169
2022-10-07,Fuel,Debit,Fuel,-3294,-2080463
2022-10-08,Travel,Debit,Travel,-3957,-2084420
2022-10-09,Groceries,Debit,Groceries,-2497,-2086917
2022-10-10,Travel,Debit,Travel,-106,-2087023
2022-10-12,Medical,Debit,Medical,-894,-2087917
2022-10-13,Shopping,Debit,Shopping,-535,-2088452
2022-10-13,Groceries,Debit,Groceries,-653,-2089105
2022-10-14,Rent,Debit,Rent,-4393,-2093498
2022-10-14,Dining,Debit,Dining,-1988,-2095486
2022-10-16,Utilities,Debit,Utilities,-357,-2095843
2022-10-18,Rent,Debit,Rent,-2002,-2097845
2022-10-19,Groceries,Debit,Groceries,-812,-2098657
2022-10-21,Shopping,Debit,Shopping,-1501,-2100158
2022-10-22,Fuel,Debit,Fuel,-229,-2100387
2022-10-23,Utilities,Debit,Utilities,-961,-2101348
2022-10-23,Shopping,Debit,Shopping,-2437,-2103785
2022-10-24,Rent,Debit,Rent,-2087,-2105872
2022-10-24,Utilities,Debit,Utilities,-2435,-2108307
2022-10-25,Groceries,Debit,Groceries,-3230,-2111537
2022-10-25,Travel,Debit,Travel,-851,-2112388
2022-10-27,Dining,Debit,Dining,-2146,-2114534
2022-10-28,Travel,Debit,Travel,-1363,-2115897
2022-10-30,Dining,Debit,Dining,-564,-2116461
2022-10-30,Groceries,Debit,Groceries,-1626,-2118087
2022-11-01,Travel,Debit,Travel,-657,-2118744
2022-11-01,Dining,Debit,Dining,-3777,-2122521
2022-11-02,Dining,Debit,Dining,-3466,-2125987
2022-11-03,Utilities,Debit,Utilities,-4630,-2130617
2022-11-04,Dining,Debit,Dining,-3987,-2134604
2022-11-06,Travel,Debit,Travel,-653,-2135257
2022-11-06,Groceries,Debit,Groceries,-647,-2135904
2022-11-07,Dining,Debit,Dining,-4580,-2140484
2022-11-11,Dining,Debit,Dining,-4796,-2145280
2022-11-11,Utilities,Debit,Utilities,-4300,-2149580
2022-11-13,Travel,Debit,Travel,-2024,-2151604
2022-11-13,Travel,Debit,Travel,-1269,-2152873
2022-11-14,Fuel,Debit,Fuel,-1091,-2153964
2022-11-15,Shopping,Debit,Shopping,-3823,-2157787
2022-11-16,Travel,Debit,Travel,-4787,-2162574
2022-11-17,Medical,Debit,Medical,-3892,-2166466
2022-11-18,Fuel,Debit,Fuel,-1242,-2167708
2022-11-19,Groceries,Debit,Groceries,-2132,-2169840
2022-11-20,Fuel,Debit,Fuel,-1723,-2171563
2022-11-24,Medical,Debit,Medical,-2248,-2173811
2022-11-25,Travel,Debit,Travel,-3783,-2177594
2022-11-26,Fuel,Debit,Fuel,-361,-2177955
2022-11-26,Shopping,Debit,Shopping,-664,-2178619
2022-11-27,Fuel,Debit,Fuel,-1944,-2180563
2022-11-27,Travel,Debit,Travel,-1341,-2181904
2022-11-28,Travel,Debit,Travel,-4523,-2186427
2022-11-28,Travel,Debit,Travel,-941,-2187368
2022-11-29,Utilities,Debit,Utilities,-2714,-2190082
2022-11-30,Shopping,Debit,Shopping,-801,-2190883
2022-11-30,Fuel,Debit,Fuel,-2648,-2193531
2022-12-05,Fuel,Debit,Fuel,-4139,-2197670
2022-12-06,Fuel,Debit,Fuel,-3088,-2200758
2022-12-06,Dining,Debit,Dining,-1109,-2201867
2022-12-07,Travel,Debit,Travel,-817,-2202684
2022-12-07,Dining,Debit,Dining,-851,-2203535
2022-12-10,Travel,Debit,Travel,-2653,-2206188
2022-12-10,Fuel,Debit,Fuel,-2853,-2209041
2022-12-13,Utilities,Debit,Utilities,-293,-2209334
2022-12-13,Dining,Debit,Dining,-959,-2210293
2022-12-15,Utilities,Debit,Utilities,-3661,-2213954
2022-12-16,Travel,Debit,Travel,-2308,-2216262
2022-12-16,Shopping,Debit,Shopping,-2638,-2218900
2022-12-17,Medical,Debit,Medical,-4363,-2223263
2022-12-19,Utilities,Debit,Utilities,-4609,-2227872
2022-12-23,Medical,Debit,Medical,-971,-2228843
2022-12-23,Medical,Debit,Medical,-4668,-2233511
2022-12-24,Utilities,Debit,Utilities,-352,-2233863
2022-12-24,Utilities,Debit,Utilities,-1142,-2235005
2022-12-25,Shopping,Debit,Shopping,-414,-2235419
2022-12-25,Shopping,Debit,Shopping,-3272,-2238691
2022-12-26,Medical,Debit,Medical,-1005,-2239696
2022-12-26,Fuel,Debit,Fuel,-4200,-2243896
2022-12-27,Travel,Debit,Travel,-2623,-2246519
2022-12-28,Dining,Debit,Dining,-306,-2246825
2022-12-29,Rent,Debit,Rent,-1851,-2248676
2023-01-01,Groceries,Debit,Groceries,-2800,-2251476
2023-01-02,Medical,Debit,Medical,-1111,-2252587
2023-01-03,Travel,Debit,Travel,-3075,-2255662
2023-01-04,Shopping,Debit,Shopping,-3892,-2259554
2023-01-04,Shopping,Debit,Shopping,-718,-2260272
2023-01-05,Rent,Debit,Rent,-1668,-2261940
2023-01-05,Fuel,Debit,Fuel,-5000,-2266940
2023-01-06,Fuel,Debit,Fuel,-158,-2267098
2023-01-13,Travel,Debit,Travel,-2207,-2269305
2023-01-14,Utilities,Debit,Utilities,-3165,-2272470
2023-01-15,Groceries,Debit,Groceries,-3161,-2275631
2023-01-15,Fuel,Debit,Fuel,-2113,-2277744
2023-01-19,Utilities,Debit,Utilities,-2671,-2280415
2023-01-20,Travel,Debit,Travel,-2616,-2283031
2023-01-20,Groceries,Debit,Groceries,-2754,-2285785
2023-01-21,Medical,Debit,Medical,-830,-2286615
2023-01-21,Rent,Debit,Rent,-1823,-2288438
2023-01-22,Medical,Debit,Medical,-3564,-2292002
2023-01-22,Medical,Debit,Medical,-3392,-2295394
2023-01-23,Travel,Debit,Travel,-450,-2295844
2023-01-24,Shopping,Debit,Shopping,-4908,-2300752
2023-01-24,Travel,Debit,Travel,-3377,-2304129
2023-01-25,Fuel,Debit,Fuel,-4551,-2308680
2023-01-28,Groceries,Debit,Groceries,-4768,-2313448
2023-01-29,Groceries,Debit,Groceries,-467,-2313915
2023-01-31,Rent,Debit,Rent,-535,-2314450
2023-02-01,Salary,Credit,Salary,28528,-2285922
2023-02-01,Salary,Credit,Salary,28045,-2257877
2023-02-02,Fuel,Debit,Fuel,-4083,-2261960
2023-02-03,Fuel,Debit,Fuel,-3178,-2265138
2023-02-05,Fuel,Debit,Fuel,-2126,-2267264
2023-02-05,Groceries,Debit,Groceries,-4044,-2271308
2023-02-07,Shopping,Debit,Shopping,-1590,-2272898
2023-02-09,Groceries,Debit,Groceries,-624,-2273522
2023-02-09,Shopping,Debit,Shopping,-2830,-2276352
2023-02-11,Utilities,Debit,Utilities,-1744,-2278096
2023-02-11,Rent,Debit,Rent,-1268,-2279364
2023-02-13,Groceries,Debit,Groceries,-1325,-2280689
2023-02-14,Utilities,Debit,Utilities,-4676,-2285365
2023-02-16,Groceries,Debit,Groceries,-2910,-2288275
2023-02-17,Fuel,Debit,Fuel,-4468,-2292743
2023-02-17,Travel,Debit,Travel,-3853,-2296596
2023-02-18,Utilities,Debit,Utilities,-1878,-2298474
2023-02-18,Groceries,Debit,Groceries,-903,-2299377
2023-02-19,Medical,Debit,Medical,-2922,-2302299
2023-02-21,Utilities,Debit,Utilities,-1214,-2303513
2023-02-21,Dining,Debit,Dining,-1210,-2304723
2023-02-23,Shopping,Debit,Shopping,-1102,-2305825
2023-02-23,Dining,Debit,Dining,-122,-2305947
2023-02-24,Shopping,Debit,Shopping,-3482,-2309429
2023-02-24,Medical,Debit,Medical,-2961,-2312390
2023-02-27,Travel,Debit,Travel,-3444,-2315834
2023-02-27,Fuel,Debit,Fuel,-301,-2316135
2023-02-28,Dining,Debit,Dining,-2454,-2318589
2023-02-28,Medical,Debit,Medical,-1685,-2320274
2023-03-01,Rent,Debit,Rent,-4697,-2324971
2023-03-01,Travel,Debit,Travel,-3882,-2328853
2023-03-02,Rent,Debit,Rent,-434,-2329287
2023-03-03,Utilities,Debit,Utilities,-4765,-2334052
2023-03-04,Dining,Debit,Dining,-1778,-2335830
2023-03-04,Rent,Debit,Rent,-560,-2336390
2023-03-05,Travel,Debit,Travel,-559,-2336949
2023-03-06,Utilities,Debit,Utilities,-3756,-2340705
2023-03-07,Rent,Debit,Rent,-1007,-2341712
2023-03-11,Medical,Debit,Medical,-1461,-2343173
2023-03-14,Dining,Debit,Dining,-3868,-2347041
2023-03-15,Rent,Debit,Rent,-3226,-2350267
2023-03-16,Shopping,Debit,Shopping,-1134,-2351401
2023-03-17,Fuel,Debit,Fuel,-2323,-2353724
2023-03-17,Groceries,Debit,Groceries,-205,-2353929
2023-03-19,Travel,Debit,Travel,-4600,-2358529
2023-03-19,Dining,Debit,Dining,-344,-2358873
2023-03-21,Travel,Debit,Travel,-2911,-2361784
2023-03-22,Medical,Debit,Medical,-1874,-2363658
2023-03-23,Medical,Debit,Medical,-2286,-2365944
2023-03-23,Dining,Debit,Dining,-1755,-2367699
2023-03-24,Groceries,Debit,Groceries,-3412,-2371111
2023-03-24,Rent,Debit,Rent,-2840,-2373951
2023-03-25,Fuel,Debit,Fuel,-919,-2374870
2023-03-26,Medical,Debit,Medical,-1624,-2376494
2023-03-26,Groceries,Debit,Groceries,-2643,-2379137
2023-03-27,Medical,Debit,Medical,-3000,-2382137
2023-03-27,Travel,Debit,Travel,-1545,-2383682
2023-03-28,Shopping,Debit,Shopping,-3798,-2387480
2023-03-28,Medical,Debit,Medical,-1327,-2388807
2023-03-30,Fuel,Debit,Fuel,-1442,-2390249
2023-04-03,Groceries,Debit,Groceries,-3189,-2393438
2023-04-06,Fuel,Debit,Fuel,-2595,-2396033
2023-04-06,Medical,Debit,Medical,-656,-2396689
2023-04-09,Utilities,Debit,Utilities,-2108,-2398797
2023-04-09,Utilities,Debit,Utilities,-1699,-2400496
2023-04-11,Utilities,Debit,Utilities,-1722,-2402218
2023-04-12,Travel,Debit,Travel,-1609,-2403827
2023-04-13,Utilities,Debit,Utilities,-4450,-2408277
2023-04-13,Fuel,Debit,Fuel,-4373,-2412650
2023-04-14,Travel,Debit,Travel,-143,-2412793
2023-04-15,Travel,Debit,Travel,-3581,-2416374
2023-04-15,Shopping,Debit,Shopping,-2373,-2418747
2023-04-16,Groceries,Debit,Groceries,-2835,-2421582
2023-04-19,Shopping,Debit,Shopping,-419,-2422001
2023-04-20,Utilities,Debit,Utilities,-1944,-2423945
2023-04-20,Fuel,Debit,Fuel,-2799,-2426744
2023-04-21,Fuel,Debit,Fuel,-1527,-2428271
2023-04-22,Fuel,Debit,Fuel,-2538,-2430809
2023-04-24,Medical,Debit,Medical,-4220,-2435029
2023-04-24,Dining,Debit,Dining,-1014,-2436043
2023-04-26,Rent,Debit,Rent,-858,-2436901
2023-04-26,Fuel,Debit,Fuel,-999,-2437900
2023-04-27,Rent,Debit,Rent,-914,-2438814
2023-05-01,Travel,Debit,Travel,-2411,-2441225
2023-05-01,Salary,Credit,Salary,57129,-2384096
2023-05-02,Shopping,Debit,Shopping,-952,-2385048
2023-05-02,Dining,Debit,Dining,-2465,-2387513
2023-05-03,Rent,Debit,Rent,-1850,-2389363
2023-05-03,Shopping,Debit,Shopping,-3012,-2392375
2023-05-04,Travel,Debit,Travel,-1000,-2393375
2023-05-04,Dining,Debit,Dining,-3712,-2397087
2023-05-05,Shopping,Debit,Shopping,-3816,-2400903
2023-05-05,Shopping,Debit,Shopping,-2798,-2403701
2023-05-06,Dining,Debit,Dining,-2531,-2406232
2023-05-06,Groceries,Debit,Groceries,-1098,-2407330
2023-05-07,Groceries,Debit,Groceries,-2444,-2409774
2023-05-09,Shopping,Debit,Shopping,-2269,-2412043
2023-05-11,Medical,Debit,Medical,-1755,-2413798
2023-05-14,Groceries,Debit,Groceries,-601,-2414399
2023-05-14,Rent,Debit,Rent,-4310,-2418709
2023-05-15,Shopping,Debit,Shopping,-4423,-2423132
2023-05-15,Rent,Debit,Rent,-3941,-2427073
2023-05-18,Rent,Debit,Rent,-4446,-2431519
2023-05-21,Rent,Debit,Rent,-617,-2432136
2023-05-22,Shopping,Debit,Shopping,-4766,-2436902
2023-05-22,Dining,Debit,Dining,-4026,-2440928
2023-05-24,Fuel,Debit,Fuel,-2576,-2443504
2023-05-24,Rent,Debit,Rent,-3538,-2447042
2023-05-25,Shopping,Debit,Shopping,-3410,-2450452
2023-05-26,Utilities,Debit,Utilities,-4579,-2455031
2023-05-28,Rent,Debit,Rent,-1574,-2456605
2023-05-29,Fuel,Debit,Fuel,-4174,-2460779
2023-05-30,Medical,Debit,Medical,-3454,-2464233
2023-05-31,Rent,Debit,Rent,-961,-2465194
2023-05-31,Dining,Debit,Dining,-793,-2465987
2023-06-01,Travel,Debit,Travel,-1702,-2467689
2023-06-01,Travel,Debit,Travel,-210,-2467899
2023-06-03,Fuel,Debit,Fuel,-494,-2468393
2023-06-03,Medical,Debit,Medical,-614,-2469007
2023-06-05,Rent,Debit,Rent,-2678,-2471685
2023-06-05,Utilities,Debit,Utilities,-2156,-2473841
2023-06-06,Groceries,Debit,Groceries,-1727,-2475568
2023-06-06,Rent,Debit,Rent,-3970,-2479538
2023-06-07,Shopping,Debit,Shopping,-4429,-2483967
2023-06-09,Fuel,Debit,Fuel,-1010,-2484977
2023-06-10,Medical,Debit,Medical,-826,-2485803
2023-06-11,Shopping,Debit,Shopping,-4343,-2490146
2023-06-12,Utilities,Debit,Utilities,-924,-2491070
2023-06-13,Rent,Debit,Rent,-2602,-2493672
2023-06-13,Fuel,Debit,Fuel,-1651,-2495323
2023-06-14,Medical,Debit,Medical,-1830,-2497153
2023-06-14,Dining,Debit,Dining,-1796,-2498949
2023-06-15,Shopping,Debit,Shopping,-3793,-2502742
2023-06-16,Medical,Debit,Medical,-3094,-2505836
2023-06-17,Medical,Debit,Medical,-4949,-2510785
2023-06-19,Travel,Debit,Travel,-3802,-2514587
2023-06-20,Utilities,Debit,Utilities,-1187,-2515774
2023-06-22,Fuel,Debit,Fuel,-4593,-2520367
2023-06-24,Utilities,Debit,Utilities,-2491,-2522858
2023-06-24,Groceries,Debit,Groceries,-3710,-2526568
2023-06-25,Groceries,Debit,Groceries,-3965,-2530533
2023-06-28,Utilities,Debit,Utilities,-1860,-2532393
2023-06-28,Dining,Debit,Dining,-3160,-2535553
2023-06-29,Travel,Debit,Travel,-2989,-2538542
2023-07-02,Medical,Debit,Medical,-2085,-2540627
2023-07-03,Groceries,Debit,Groceries,-750,-2541377
2023-07-07,Medical,Debit,Medical,-3855,-2545232
2023-07-08,Shopping,Debit,Shopping,-1323,-2546555
2023-07-08,Fuel,Debit,Fuel,-1934,-2548489
2023-07-12,Utilities,Debit,Utilities,-4549,-2553038
2023-07-13,Rent,Debit,Rent,-3964,-2557002
2023-07-16,Shopping,Debit,Shopping,-2654,-2559656
2023-07-16,Fuel,Debit,Fuel,-2765,-2562421
2023-07-17,Utilities,Debit,Utilities,-4011,-2566432
2023-07-17,Rent,Debit,Rent,-4927,-2571359
2023-07-18,Travel,Debit,Travel,-2333,-2573692
2023-07-18,Dining,Debit,Dining,-287,-2573979
2023-07-19,Travel,Debit,Travel,-2571,-2576550
2023-07-20,Travel,Debit,Travel,-520,-2577070
2023-07-20,Dining,Debit,Dining,-4269,-2581339
2023-07-21,Dining,Debit,Dining,-564,-2581903
2023-07-24,Groceries,Debit,Groceries,-2857,-2584760
2023-07-24,Dining,Debit,Dining,-4202,-2588962
2023-07-25,Travel,Debit,Travel,-444,-2589406
2023-07-26,Medical,Debit,Medical,-2911,-2592317
2023-07-27,Medical,Debit,Medical,-3359,-2595676
2023-07-27,Travel,Debit,Travel,-2598,-2598274
2023-07-30,Dining,Debit,Dining,-931,-2599205
2023-08-01,Shopping,Debit,Shopping,-3601,-2602806
2023-08-03,Travel,Debit,Travel,-3781,-2606587
2023-08-03,Rent,Debit,Rent,-2102,-2608689
2023-08-04,Rent,Debit,Rent,-2380,-2611069
2023-08-05,Medical,Debit,Medical,-4735,-2615804
2023-08-06,Rent,Debit,Rent,-457,-2616261
2023-08-09,Utilities,Debit,Utilities,-4418,-2620679
2023-08-09,Medical,Debit,Medical,-4924,-2625603
2023-08-10,Dining,Debit,Dining,-517,-2626120
2023-08-10,Shopping,Debit,Shopping,-316,-2626436
2023-08-11,Rent,Debit,Rent,-4217,-2630653
2023-08-11,Utilities,Debit,Utilities,-255,-2630908
2023-08-12,Rent,Debit,Rent,-4463,-2635371
2023-08-12,Rent,Debit,Rent,-4125,-2639496
2023-08-13,Medical,Debit,Medical,-2621,-2642117
2023-08-14,Shopping,Debit,Shopping,-1570,-2643687
2023-08-14,Dining,Debit,Dining,-1012,-2644699
2023-08-18,Groceries,Debit,Groceries,-4251,-2648950
2023-08-20,Utilities,Debit,Utilities,-3978,-2652928
2023-08-20,Dining,Debit,Dining,-948,-2653876
2023-08-21,Groceries,Debit,Groceries,-586,-2654462
2023-08-22,Groceries,Debit,Groceries,-1890,-2656352
2023-08-26,Dining,Debit,Dining,-1005,-2657357
2023-08-26,Fuel,Debit,Fuel,-1535,-2658892
2023-08-27,Travel,Debit,Travel,-2658,-2661550
2023-08-27,Travel,Debit,Travel,-3686,-2665236
2023-08-28,Medical,Debit,Medical,-2142,-2667378
2023-08-29,Fuel,Debit,Fuel,-4055,-2671433
2023-09-01,Rent,Debit,Rent,-730,-2672163
2023-09-06,Travel,Debit,Travel,-457,-2672620
2023-09-07,Dining,Debit,Dining,-1913,-2674533
2023-09-08,Medical,Debit,Medical,-3765,-2678298
2023-09-08,Utilities,Debit,Utilities,-4807,-2683105
2023-09-11,Medical,Debit,Medical,-2634,-2685739
2023-09-12,Groceries,Debit,Groceries,-3091,-2688830
2023-09-12,Shopping,Debit,Shopping,-230,-2689060
2023-09-15,Utilities,Debit,Utilities,-4801,-2693861
2023-09-16,Travel,Debit,Travel,-1676,-2695537
2023-09-17,Dining,Debit,Dining,-3101,-2698638
2023-09-18,Dining,Debit,Dining,-4278,-2702916
2023-09-24,Travel,Debit,Travel,-4139,-2707055
2023-09-26,Travel,Debit,Travel,-1332,-2708387
2023-09-26,Fuel,Debit,Fuel,-4114,-2712501
2023-09-27,Rent,Debit,Rent,-2791,-2715292
2023-09-28,Rent,Debit,Rent,-1249,-2716541
2023-09-29,Fuel,Debit,Fuel,-978,-2717519
2023-10-01,Shopping,Debit,Shopping,-4747,-2722266
2023-10-01,Medical,Debit,Medical,-4419,-2726685
2023-10-02,Rent,Debit,Rent,-4618,-2731303
2023-10-02,Utilities,Debit,Utilities,-3639,-2734942
2023-10-04,Utilities,Debit,Utilities,-3934,-2738876
2023-10-04,Medical,Debit,Medical,-3679,-2742555
2023-10-05,Utilities,Debit,Utilities,-1134,-2743689
2023-10-05,Dining,Debit,Dining,-3600,-2747289
2023-10-07,Medical,Debit,Medical,-2463,-2749752
2023-10-09,Rent,Debit,Rent,-2518,-2752270
2023-10-12,Travel,Debit,Travel,-1714,-2753984
2023-10-14,Shopping,Debit,Shopping,-535,-2754519
2023-10-16,Groceries,Debit,Groceries,-4586,-2759105
2023-10-18,Shopping,Debit,Shopping,-2023,-2761128
2023-10-18,Medical,Debit,Medical,-1476,-2762604
2023-10-20,Medical,Debit,Medical,-3194,-2765798
2023-10-20,Travel,Debit,Travel,-919,-2766717
2023-10-22,Medical,Debit,Medical,-3599,-2770316
2023-10-23,Shopping,Debit,Shopping,-585,-2770901
2023-10-24,Shopping,Debit,Shopping,-2883,-2773784
2023-10-25,Shopping,Debit,Shopping,-3953,-2777737
2023-10-26,Fuel,Debit,Fuel,-2514,-2780251
2023-10-29,Groceries,Debit,Groceries,-2831,-2783082
2023-11-02,Rent,Debit,Rent,-1305,-2784387
2023-11-05,Shopping,Debit,Shopping,-1428,-2785815
2023-11-06,Travel,Debit,Travel,-2817,-2788632
2023-11-06,Travel,Debit,Travel,-4379,-2793011
2023-11-07,Fuel,Debit,Fuel,-3645,-2796656
2023-11-07,Groceries,Debit,Groceries,-935,-2797591
2023-11-08,Fuel,Debit,Fuel,-3157,-2800748
2023-11-09,Fuel,Debit,Fuel,-3578,-2804326
2023-11-09,Groceries,Debit,Groceries,-3190,-2807516
2023-11-10,Medical,Debit,Medical,-2865,-2810381
2023-11-10,Groceries,Debit,Groceries,-2181,-2812562
2023-11-11,Shopping,Debit,Shopping,-2953,-2815515
2023-11-12,Groceries,Debit,Groceries,-4272,-2819787
2023-11-12,Medical,Debit,Medical,-2343,-2822130
2023-11-14,Shopping,Debit,Shopping,-4875,-2827005
2023-11-14,Shopping,Debit,Shopping,-1192,-2828197
2023-11-16,Travel,Debit,Travel,-2401,-2830598
2023-11-16,Rent,Debit,Rent,-4467,-2835065
2023-11-17,Dining,Debit,Dining,-3271,-2838336
2023-11-17,Groceries,Debit,Groceries,-2009,-2840345
2023-11-18,Fuel,Debit,Fuel,-3506,-2843851
2023-11-18,Dining,Debit,Dining,-2591,-2846442
2023-11-20,Medical,Debit,Medical,-2616,-2849058
2023-11-21,Utilities,Debit,Utilities,-443,-2849501
2023-11-21,Rent,Debit,Rent,-1877,-2851378
2023-11-22,Utilities,Debit,Utilities,-3996,-2855374
2023-11-25,Medical,Debit,Medical,-729,-2856103
2023-11-26,Shopping,Debit,Shopping,-4982,-2861085
2023-11-27,Rent,Debit,Rent,-3964,-2865049
2023-11-27,Medical,Debit,Medical,-1087,-2866136
2023-11-30,Fuel,Debit,Fuel,-3941,-2870077
2023-11-30,Rent,Debit,Rent,-1884,-2871961
2023-12-01,Dining,Debit,Dining,-1187,-2873148
2023-12-02,Travel,Debit,Travel,-2048,-2875196
2023-12-04,Rent,Debit,Rent,-2636,-2877832
2023-12-04,Shopping,Debit,Shopping,-4376,-2882208
2023-12-05,Travel,Debit,Travel,-3717,-2885925
2023-12-06,Groceries,Debit,Groceries,-4808,-2890733
2023-12-07,Dining,Debit,Dining,-2659,-2893392
2023-12-07,Dining,Debit,Dining,-3767,-2897159
2023-12-08,Medical,Debit,Medical,-4374,-2901533
2023-12-08,Rent,Debit,Rent,-2101,-2903634
2023-12-09,Fuel,Debit,Fuel,-4293,-2907927
2023-12-10,Rent,Debit,Rent,-3770,-2911697
2023-12-10,Groceries,Debit,Groceries,-2392,-2914089
2023-12-13,Dining,Debit,Dining,-1963,-2916052
2023-12-14,Medical,Debit,Medical,-2254,-2918306
2023-12-14,Utilities,Debit,Utilities,-1596,-2919902
2023-12-16,Travel,Debit,Travel,-3584,-2923486
2023-12-17,Fuel,Debit,Fuel,-2709,-2926195
2023-12-17,Medical,Debit,Medical,-1460,-2927655
2023-12-18,Rent,Debit,Rent,-366,-2928021
2023-12-18,Fuel,Debit,Fuel,-4255,-2932276
2023-12-23,Shopping,Debit,Shopping,-663,-2932939
2023-12-23,Fuel,Debit,Fuel,-4882,-2937821
2023-12-25,Medical,Debit,Medical,-3364,-2941185
2023-12-26,Fuel,Debit,Fuel,-791,-2941976
2023-12-28,Dining,Debit,Dining,-1370,-2943346
2023-12-28,Dining,Debit,Dining,-2225,-2945571
2023-12-30,Groceries,Debit,Groceries,-4871,-2950442
2023-12-30,Fuel,Debit,Fuel,-621,-2951063
2024-01-01,Medical,Debit,Medical,-1716,-2952779
2024-01-04,Fuel,Debit,Fuel,-1809,-2954588
2024-01-05,Travel,Debit,Travel,-1166,-2955754
2024-01-09,Dining,Debit,Dining,-1812,-2957566
2024-01-10,Medical,Debit,Medical,-3595,-2961161
2024-01-10,Dining,Debit,Dining,-4007,-2965168
2024-01-11,Shopping,Debit,Shopping,-4176,-2969344
2024-01-12,Travel,Debit,Travel,-2342,-2971686
2024-01-12,Fuel,Debit,Fuel,-4719,-2976405
2024-01-13,Medical,Debit,Medical,-3305,-2979710
2024-01-14,Rent,Debit,Rent,-517,-2980227
2024-01-14,Travel,Debit,Travel,-1313,-2981540
2024-01-17,Fuel,Debit,Fuel,-1137,-2982677
2024-01-18,Travel,Debit,Travel,-876,-2983553
2024-01-19,Groceries,Debit,Groceries,-4707,-2988260
2024-01-19,Groceries,Debit,Groceries,-3495,-2991755
2024-01-20,Fuel,Debit,Fuel,-1268,-2993023
2024-01-20,Shopping,Debit,Shopping,-4529,-2997552
2024-01-22,Medical,Debit,Medical,-643,-2998195
2024-01-23,Dining,Debit,Dining,-805,-2999000
2024-01-26,Dining,Debit,Dining,-147,-2999147
2024-01-27,Rent,Debit,Rent,-1987,-3001134
2024-01-28,Groceries,Debit,Groceries,-2041,-3003175
2024-01-29,Shopping,Debit,Shopping,-336,-3003511
2024-01-30,Shopping,Debit,Shopping,-985,-3004496
2024-01-31,Fuel,Debit,Fuel,-4157,-3008653
2024-02-01,Salary,Credit,Salary,2412,-3006241
2024-02-03,Fuel,Debit,Fuel,-2403,-3008644
2024-02-04,Travel,Debit,Travel,-242,-3008886
2024-02-04,Shopping,Debit,Shopping,-4200,-3013086
2024-02-06,Medical,Debit,Medical,-3256,-3016342
2024-02-09,Medical,Debit,Medical,-3320,-3019662
2024-02-12,Dining,Debit,Dining,-2514,-3022176
2024-02-19,Medical,Debit,Medical,-4848,-3027024
2024-02-22,Dining,Debit,Dining,-2356,-3029380
2024-02-23,Travel,Debit,Travel,-2551,-3031931
2024-02-24,Dining,Debit,Dining,-4012,-3035943
2024-02-25,Dining,Debit,Dining,-3310,-3039253
2024-02-26,Dining,Debit,Dining,-1635,-3040888
2024-02-27,Fuel,Debit,Fuel,-4469,-3045357
2024-02-27,Fuel,Debit,Fuel,-2279,-3047636
2024-02-28,Utilities,Debit,Utilities,-762,-3048398
2024-02-28,Rent,Debit,Rent,-4489,-3052887
2024-03-04,Fuel,Debit,Fuel,-766,-3053653
2024-03-08,Fuel,Debit,Fuel,-4866,-3058519
2024-03-09,Travel,Debit,Travel,-4466,-3062985
2024-03-09,Groceries,Debit,Groceries,-3822,-3066807
2024-03-10,Rent,Debit,Rent,-1692,-3068499
2024-03-10,Dining,Debit,Dining,-294,-3068793
2024-03-11,Medical,Debit,Medical,-3016,-3071809
2024-03-11,Shopping,Debit,Shopping,-1231,-3073040
2024-03-13,Rent,Debit,Rent,-3566,-3076606
2024-03-13,Groceries,Debit,Groceries,-2939,-3079545
2024-03-15,Utilities,Debit,Utilities,-921,-3080466
2024-03-15,Fuel,Debit,Fuel,-2188,-3082654
2024-03-16,Fuel,Debit,Fuel,-540,-3083194
2024-03-17,Rent,Debit,Rent,-4810,-3088004
2024-03-17,Travel,Debit,Travel,-1358,-3089362
2024-03-18,Utilities,Debit,Utilities,-2091,-3091453
2024-03-19,Rent,Debit,Rent,-3779,-3095232
2024-03-19,Rent,Debit,Rent,-3707,-3098939
2024-03-22,Medical,Debit,Medical,-733,-3099672
2024-03-23,Utilities,Debit,Utilities,-2381,-3102053
2024-03-23,Medical,Debit,Medical,-4550,-3106603
2024-03-26,Travel,Debit,Travel,-495,-3107098
2024-03-27,Dining,Debit,Dining,-2056,-3109154
2024-03-29,Dining,Debit,Dining,-3905,-3113059
2024-03-31,Rent,Debit,Rent,-2687,-3115746
2024-04-02,Shopping,Debit,Shopping,-1662,-3117408
2024-04-02,Medical,Debit,Medical,-183,-3117591
2024-04-03,Fuel,Debit,Fuel,-4177,-3121768
2024-04-03,Groceries,Debit,Groceries,-3819,-3125587
2024-04-04,Dining,Debit,Dining,-4224,-3129811
2024-04-05,Utilities,Debit,Utilities,-2838,-3132649
2024-04-07,Dining,Debit,Dining,-2309,-3134958
2024-04-09,Utilities,Debit,Utilities,-3442,-3138400
2024-04-11,Utilities,Debit,Utilities,-2310,-3140710
2024-04-11,Groceries,Debit,Groceries,-2296,-3143006
2024-04-13,Shopping,Debit,Shopping,-4703,-3147709
2024-04-14,Rent,Debit,Rent,-3393,-3151102
2024-04-15,Fuel,Debit,Fuel,-4778,-3155880
2024-04-16,Medical,Debit,Medical,-4297,-3160177
2024-04-17,Groceries,Debit,Groceries,-146,-3160323
2024-04-20,Dining,Debit,Dining,-1152,-3161475
2024-04-21,Rent,Debit,Rent,-3618,-3165093
2024-04-21,Shopping,Debit,Shopping,-4802,-3169895
2024-04-22,Dining,Debit,Dining,-3676,-3173571
2024-04-23,Dining,Debit,Dining,-1844,-3175415
2024-04-24,Medical,Debit,Medical,-4469,-3179884
2024-04-25,Utilities,Debit,Utilities,-4171,-3184055
2024-04-26,Shopping,Debit,Shopping,-444,-3184499
2024-04-26,Dining,Debit,Dining,-4866,-3189365
2024-04-27,Travel,Debit,Travel,-309,-3189674
2024-04-27,Fuel,Debit,Fuel,-197,-3189871
2024-04-28,Groceries,Debit,Groceries,-4237,-3194108
2024-04-28,Fuel,Debit,Fuel,-1830,-3195938
2024-04-29,Medical,Debit,Medical,-4324,-3200262
2024-04-30,Travel,Debit,Travel,-3596,-3203858
2024-05-01,Dining,Debit,Dining,-1504,-3205362
2024-05-02,Utilities,Debit,Utilities,-4806,-3210168
2024-05-02,Medical,Debit,Medical,-3884,-3214052
2024-05-04,Travel,Debit,Travel,-1075,-3215127
2024-05-07,Medical,Debit,Medical,-2043,-3217170
2024-05-07,Medical,Debit,Medical,-1310,-3218480
2024-05-08,Travel,Debit,Travel,-360,-3218840
2024-05-10,Medical,Debit,Medical,-4759,-3223599
2024-05-11,Medical,Debit,Medical,-1683,-3225282
2024-05-13,Rent,Debit,Rent,-3520,-3228802
2024-05-13,Medical,Debit,Medical,-2927,-3231729
2024-05-14,Travel,Debit,Travel,-1720,-3233449
2024-05-16,Dining,Debit,Dining,-844,-3234293
2024-05-16,Rent,Debit,Rent,-2060,-3236353
2024-05-17,Travel,Debit,Travel,-2344,-3238697
2024-05-17,Rent,Debit,Rent,-1238,-3239935
2024-05-21,Fuel,Debit,Fuel,-4672,-3244607
2024-05-22,Utilities,Debit,Utilities,-149,-3244756
2024-05-22,Utilities,Debit,Utilities,-3899,-3248655
2024-05-23,Shopping,Debit,Shopping,-1110,-3249765
2024-05-24,Travel,Debit,Travel,-833,-3250598
2024-05-26,Dining,Debit,Dining,-2640,-3253238
2024-05-28,Fuel,Debit,Fuel,-2180,-3255418
2024-05-29,Fuel,Debit,Fuel,-2711,-3258129
2024-05-31,Fuel,Debit,Fuel,-1562,-3259691
2024-05-31,Rent,Debit,Rent,-236,-3259927
2024-06-01,Fuel,Debit,Fuel,-2968,-3262895
2024-06-01,Groceries,Debit,Groceries,-2006,-3264901
2024-06-03,Shopping,Debit,Shopping,-908,-3265809
2024-06-04,Medical,Debit,Medical,-2627,-3268436
2024-06-05,Dining,Debit,Dining,-736,-3269172
2024-06-06,Utilities,Debit,Utilities,-4178,-3273350
2024-06-07,Utilities,Debit,Utilities,-3728,-3277078
2024-06-07,Shopping,Debit,Shopping,-1714,-3278792
2024-06-09,Shopping,Debit,Shopping,-523,-3279315
2024-06-09,Medical,Debit,Medical,-3993,-3283308
2024-06-11,Travel,Debit,Travel,-4167,-3287475
2024-06-13,Groceries,Debit,Groceries,-3968,-3291443
2024-06-13,Rent,Debit,Rent,-2785,-3294228
2024-06-15,Fuel,Debit,Fuel,-2566,-3296794
2024-06-15,Shopping,Debit,Shopping,-1894,-3298688
2024-06-16,Fuel,Debit,Fuel,-4080,-3302768
2024-06-19,Utilities,Debit,Utilities,-1456,-3304224
2024-06-19,Dining,Debit,Dining,-2788,-3307012
2024-06-20,Shopping,Debit,Shopping,-541,-3307553
2024-06-25,Shopping,Debit,Shopping,-4065,-3311618
2024-06-26,Medical,Debit,Medical,-1772,-3313390
2024-06-27,Rent,Debit,Rent,-2389,-3315779
2024-06-28,Dining,Debit,Dining,-1255,-3317034
2024-06-29,Medical,Debit,Medical,-978,-3318012
2024-06-29,Medical,Debit,Medical,-1011,-3319023
2024-06-30,Fuel,Debit,Fuel,-1143,-3320166
2024-07-02,Medical,Debit,Medical,-4688,-3324854
2024-07-02,Groceries,Debit,Groceries,-981,-3325835
2024-07-03,Rent,Debit,Rent,-2362,-3328197
2024-07-03,Rent,Debit,Rent,-728,-3328925
2024-07-04,Shopping,Debit,Shopping,-4648,-3333573
2024-07-05,Fuel,Debit,Fuel,-554,-3334127
2024-07-06,Groceries,Debit,Groceries,-1441,-3335568
2024-07-06,Groceries,Debit,Groceries,-2862,-3338430
2024-07-07,Rent,Debit,Rent,-2622,-3341052
2024-07-09,Groceries,Debit,Groceries,-4018,-3345070
2024-07-10,Shopping,Debit,Shopping,-1454,-3346524
2024-07-10,Utilities,Debit,Utilities,-4101,-3350625
2024-07-12,Shopping,Debit,Shopping,-4005,-3354630
2024-07-14,Fuel,Debit,Fuel,-3437,-3358067
2024-07-14,Travel,Debit,Travel,-2667,-3360734
2024-07-16,Shopping,Debit,Shopping,-2004,-3362738
2024-07-17,Shopping,Debit,Shopping,-2237,-3364975
2024-07-17,Rent,Debit,Rent,-4936,-3369911
2024-07-20,Dining,Debit,Dining,-1956,-3371867
2024-07-20,Medical,Debit,Medical,-4852,-3376719
2024-07-21,Dining,Debit,Dining,-819,-3377538
2024-07-23,Travel,Debit,Travel,-2822,-3380360
2024-07-23,Shopping,Debit,Shopping,-4385,-3384745
2024-07-24,Rent,Debit,Rent,-1853,-3386598
2024-07-25,Fuel,Debit,Fuel,-4243,-3390841
2024-07-27,Shopping,Debit,Shopping,-390,-3391231
2024-07-30,Medical,Debit,Medical,-1095,-3392326
2024-07-30,Medical,Debit,Medical,-4780,-3397106
2024-08-01,Utilities,Debit,Utilities,-3774,-3400880
2024-08-01,Rent,Debit,Rent,-632,-3401512
2024-08-03,Fuel,Debit,Fuel,-273,-3401785
2024-08-04,Travel,Debit,Travel,-3905,-3405690
2024-08-08,Medical,Debit,Medical,-1553,-3407243
2024-08-08,Medical,Debit,Medical,-123,-3407366
2024-08-09,Dining,Debit,Dining,-1093,-3408459
2024-08-10,Dining,Debit,Dining,-3329,-3411788
2024-08-10,Medical,Debit,Medical,-1901,-3413689
2024-08-11,Dining,Debit,Dining,-124,-3413813
2024-08-18,Utilities,Debit,Utilities,-2368,-3416181
2024-08-20,Groceries,Debit,Groceries,-1318,-3417499
2024-08-22,Medical,Debit,Medical,-3120,-3420619
2024-08-23,Fuel,Debit,Fuel,-2896,-3423515
2024-08-27,Groceries,Debit,Groceries,-2238,-3425753
2024-08-27,Groceries,Debit,Groceries,-2451,-3428204
2024-08-29,Rent,Debit,Rent,-4406,-3432610
2024-08-29,Medical,Debit,Medical,-657,-3433267
2024-08-31,Groceries,Debit,Groceries,-1032,-3434299
2024-09-01,Groceries,Debit,Groceries,-812,-3435111
2024-09-01,Medical,Debit,Medical,-2832,-3437943
2024-09-05,Travel,Debit,Travel,-2845,-3440788
2024-09-05,Utilities,Debit,Utilities,-295,-3441083
2024-09-08,Rent,Debit,Rent,-2848,-3443931
2024-09-10,Utilities,Debit,Utilities,-1630,-3445561
2024-09-11,Dining,Debit,Dining,-1674,-3447235
2024-09-11,Rent,Debit,Rent,-4666,-3451901
2024-09-12,Utilities,Debit,Utilities,-3350,-3455251
2024-09-13,Shopping,Debit,Shopping,-2823,-3458074
2024-09-13,Medical,Debit,Medical,-4053,-3462127
2024-09-14,Fuel,Debit,Fuel,-1313,-3463440
2024-09-15,Groceries,Debit,Groceries,-2343,-3465783
2024-09-17,Rent,Debit,Rent,-4868,-3470651
2024-09-17,Dining,Debit,Dining,-2934,-3473585
2024-09-18,Fuel,Debit,Fuel,-4273,-3477858
2024-09-19,Fuel,Debit,Fuel,-3958,-3481816
2024-09-23,Shopping,Debit,Shopping,-3004,-3484820
2024-09-23,Dining,Debit,Dining,-2581,-3487401
2024-09-25,Travel,Debit,Travel,-2389,-3489790
2024-09-25,Travel,Debit,Travel,-2266,-3492056
2024-09-26,Medical,Debit,Medical,-2500,-3494556
2024-09-27,Fuel,Debit,Fuel,-4348,-3498904
2024-09-30,Travel,Debit,Travel,-4338,-3503242
2024-10-02,Utilities,Debit,Utilities,-1694,-3504936
2024-10-02,Rent,Debit,Rent,-590,-3505526
2024-10-06,Fuel,Debit,Fuel,-824,-3506350
2024-10-06,Travel,Debit,Travel,-1658,-3508008
2024-10-07,Medical,Debit,Medical,-1541,-3509549
2024-10-07,Utilities,Debit,Utilities,-3100,-3512649
2024-10-08,Groceries,Debit,Groceries,-651,-3513300
2024-10-11,Rent,Debit,Rent,-1663,-3514963
2024-10-12,Groceries,Debit,Groceries,-1062,-3516025
2024-10-12,Travel,Debit,Travel,-4803,-3520828
2024-10-15,Shopping,Debit,Shopping,-3967,-3524795
2024-10-18,Shopping,Debit,Shopping,-1377,-3526172
2024-10-18,Groceries,Debit,Groceries,-4547,-3530719
2024-10-20,Rent,Debit,Rent,-4464,-3535183
2024-10-21,Rent,Debit,Rent,-546,-3535729
2024-10-21,Fuel,Debit,Fuel,-4173,-3539902
2024-10-23,Groceries,Debit,Groceries,-3085,-3542987
2024-10-24,Utilities,Debit,Utilities,-4536,-3547523
2024-10-25,Rent,Debit,Rent,-1614,-3549137
2024-10-26,Dining,Debit,Dining,-3961,-3553098
2024-10-26,Shopping,Debit,Shopping,-837,-3553935
2024-10-27,Dining,Debit,Dining,-1986,-3555921
2024-10-27,Dining,Debit,Dining,-4050,-3559971
2024-10-28,Dining,Debit,Dining,-730,-3560701
2024-10-30,Dining,Debit,Dining,-4529,-3565230
2024-10-31,Groceries,Debit,Groceries,-1054,-3566284
2024-11-03,Shopping,Debit,Shopping,-2799,-3569083
2024-11-03,Medical,Debit,Medical,-3081,-3572164
2024-11-04,Medical,Debit,Medical,-4757,-3576921
2024-11-04,Groceries,Debit,Groceries,-2972,-3579893
2024-11-05,Medical,Debit,Medical,-564,-3580457
2024-11-05,Fuel,Debit,Fuel,-596,-3581053
2024-11-06,Fuel,Debit,Fuel,-4594,-3585647
2024-11-07,Shopping,Debit,Shopping,-2823,-3588470
2024-11-07,Shopping,Debit,Shopping,-1580,-3590050
2024-11-09,Groceries,Debit,Groceries,-3084,-3593134
2024-11-10,Rent,Debit,Rent,-1498,-3594632
2024-11-10,Fuel,Debit,Fuel,-4233,-3598865
2024-11-11,Rent,Debit,Rent,-2013,-3600878
2024-11-11,Travel,Debit,Travel,-3687,-3604565
2024-11-12,Medical,Debit,Medical,-4748,-3609313
2024-11-14,Fuel,Debit,Fuel,-4587,-3613900
2024-11-14,Medical,Debit,Medical,-4899,-3618799
2024-11-16,Utilities,Debit,Utilities,-758,-3619557
2024-11-17,Utilities,Debit,Utilities,-769,-3620326
2024-11-17,Shopping,Debit,Shopping,-122,-3620448
2024-11-18,Dining,Debit,Dining,-1432,-3621880
2024-11-18,Rent,Debit,Rent,-1766,-3623646
2024-11-20,Travel,Debit,Travel,-3328,-3626974
2024-11-21,Utilities,Debit,Utilities,-1960,-3628934
2024-11-23,Utilities,Debit,Utilities,-2840,-3631774
2024-11-23,Dining,Debit,Dining,-1713,-3633487
2024-11-24,Fuel,Debit,Fuel,-1747,-3635234
2024-11-24,Medical,Debit,Medical,-1143,-3636377
2024-11-27,Rent,Debit,Rent,-1224,-3637601
2024-11-27,Medical,Debit,Medical,-469,-3638070
2024-11-29,Medical,Debit,Medical,-2485,-3640555
2024-12-01,Rent,Debit,Rent,-703,-3641258
2024-12-01,Rent,Debit,Rent,-3770,-3645028
2024-12-02,Fuel,Debit,Fuel,-3216,-3648244
2024-12-02,Rent,Debit,Rent,-4588,-3652832
2024-12-03,Groceries,Debit,Groceries,-3928,-3656760
2024-12-04,Fuel,Debit,Fuel,-222,-3656982
2024-12-04,Fuel,Debit,Fuel,-4150,-3661132
2024-12-05,Fuel,Debit,Fuel,-935,-3662067
2024-12-06,Travel,Debit,Travel,-1347,-3663414
2024-12-10,Utilities,Debit,Utilities,-1736,-3665150
2024-12-11,Travel,Debit,Travel,-2598,-3667748
2024-12-15,Rent,Debit,Rent,-4090,-3671838
2024-12-18,Rent,Debit,Rent,-2206,-3674044
2024-12-18,Rent,Debit,Rent,-3209,-3677253
2024-12-19,Dining,Debit,Dining,-1701,-3678954
2024-12-19,Medical,Debit,Medical,-4432,-3683386
2024-12-22,Rent,Debit,Rent,-1495,-3684881
2024-12-23,Dining,Debit,Dining,-1654,-3686535
2024-12-24,Rent,Debit,Rent,-2134,-3688669
2024-12-24,Groceries,Debit,Groceries,-589,-3689258
2024-12-29,Shopping,Debit,Shopping,-476,-3689734
2024-12-29,Groceries,Debit,Groceries,-424,-3690158
2024-12-30,Utilities,Debit,Utilities,-1291,-3691449
2024-12-31,Medical,Debit,Medical,-1246,-3692695
